timestamp,base,shoulder,elbow,wrist_updown,claw
1785291353.401241,90.0,90.0,90.0,90.0,120.0
1785291353.473227,90.0,90.0,90.0,90.0,120.0
1785291353.537208,90.0,90.0,90.0,90.0,120.0
1785291353.6060412,90.0,90.0,90.0,90.0,120.0
1785291353.6732512,90.0,90.0,90.0,90.0,120.0
1785291353.7370949,90.0,90.0,90.0,90.0,120.0
1785291353.808578,90.0,90.0,90.0,90.0,120.0
1785291353.872541,90.0,90.0,90.0,90.0,120.0
1785291353.94486,90.0,90.0,90.0,90.0,120.0
1785291354.004468,90.0,90.0,90.0,90.0,120.0
1785291354.069613,90.0,90.0,90.0,90.0,120.0
1785291354.136294,90.0,90.0,90.0,90.0,120.0
1785291354.205208,90.0,90.0,90.0,90.0,120.0
1785291354.289352,90.0,90.0,90.0,90.0,120.0
1785291354.3719501,90.0,90.0,90.0,90.0,120.0
1785291354.438127,90.0,90.0,90.0,90.0,120.0
1785291354.5001879,90.0,90.0,90.0,90.0,120.0
1785291354.575729,90.0,90.0,90.0,90.0,120.0
1785291354.641074,90.0,90.0,90.0,90.0,120.0
1785291354.7032871,90.0,90.0,90.0,90.0,120.0
1785291354.774854,90.0,90.0,90.0,90.0,120.0
1785291354.8444061,90.0,90.0,90.0,90.0,120.0
1785291354.911138,90.0,90.0,90.0,90.0,120.0
1785291354.97087,90.0,90.0,90.0,90.0,120.0
1785291355.03934,90.0,90.0,90.0,90.0,120.0
1785291355.10706,90.0,90.0,90.0,90.0,120.0
1785291355.175665,90.0,90.0,90.0,90.0,120.0
1785291355.237799,90.0,90.0,90.0,90.0,120.0
1785291355.3046021,90.0,90.0,90.0,90.0,120.0
1785291355.3739011,90.0,90.0,90.0,90.0,120.0
1785291355.4374661,90.0,90.0,90.0,90.0,120.0
1785291355.505035,90.0,90.0,90.0,90.0,120.0
1785291355.579736,90.0,90.0,90.0,90.0,120.0
1785291355.636718,90.0,90.0,90.0,90.0,120.0
1785291355.704179,90.0,90.0,90.0,90.0,120.0
1785291355.776233,90.0,90.0,90.0,90.0,120.0
1785291355.842099,90.0,90.0,90.0,90.0,120.0
1785291355.908938,90.0,90.0,90.0,90.0,120.0
1785291355.9758668,90.0,90.0,90.0,90.0,120.0
1785291356.040792,90.0,90.0,90.0,90.0,120.0
1785291356.1080399,90.0,90.0,90.0,90.0,120.0
1785291356.1716201,90.0,90.0,90.0,90.0,120.0
1785291356.237813,90.0,90.0,90.0,90.0,120.0
1785291356.3028831,90.0,90.0,90.0,90.0,120.0
1785291356.37098,90.0,90.0,90.0,90.0,120.0
1785291356.441613,90.0,90.0,90.0,90.0,120.0
1785291356.507871,90.0,90.0,90.0,90.0,120.0
1785291356.5803509,90.0,90.0,90.0,90.0,120.0
1785291356.640314,90.0,90.0,90.0,90.0,120.0
1785291356.7090712,90.0,90.0,90.0,90.0,120.0
1785291356.775457,90.0,90.0,90.0,90.0,120.0
1785291356.85854,90.0,90.0,90.0,90.0,120.0
1785291356.9537,90.0,90.0,90.0,90.0,120.0
1785291357.019416,90.0,90.0,90.0,90.0,120.0
1785291357.071506,90.0,90.0,90.0,90.0,120.0
1785291357.136843,90.0,90.0,90.0,90.0,120.0
1785291357.209574,90.0,90.0,90.0,90.0,120.0
1785291357.275533,90.0,90.0,90.0,90.0,120.0
1785291357.339941,90.0,90.0,90.0,90.0,120.0
1785291357.4089139,90.0,90.0,90.0,90.0,120.0
1785291357.472991,90.0,90.0,90.0,90.0,120.0
1785291357.542472,90.0,90.0,90.0,90.0,120.0
1785291357.626389,90.0,90.0,90.0,90.0,120.0
1785291357.705811,90.0,90.0,90.0,90.0,120.0
1785291357.773491,90.0,90.0,90.0,90.0,120.0
1785291357.846227,90.0,90.0,90.0,90.0,120.0
1785291357.905761,90.0,90.0,90.0,90.0,120.0
1785291357.973399,90.0,90.0,90.0,90.0,120.0
1785291358.045981,90.0,90.0,90.0,90.0,120.0
1785291358.1084,90.0,90.0,90.0,90.0,120.0
1785291358.180811,90.0,90.0,90.0,90.0,120.0
1785291358.241921,90.0,90.0,90.0,90.0,120.0
1785291358.31292,90.0,90.0,90.0,90.0,120.0
1785291358.3738308,90.0,90.0,90.0,90.0,120.0
1785291358.445833,90.0,90.0,90.0,90.0,120.0
1785291358.505505,90.0,90.0,90.0,90.0,120.0
1785291358.574628,90.0,90.0,90.0,90.0,120.0
1785291358.643797,90.0,90.0,90.0,90.0,120.0
1785291358.709122,90.0,90.0,90.0,90.0,120.0
1785291358.776896,90.0,90.0,90.0,90.0,120.0
1785291358.842506,90.0,90.0,90.0,90.0,120.0
1785291358.909206,90.0,90.0,90.0,90.0,120.0
1785291358.977865,90.0,90.0,90.0,90.0,120.0
1785291359.0469031,90.0,90.0,90.0,90.0,120.0
1785291359.122748,90.0,90.0,90.0,90.0,120.0
1785291359.185201,81.0,72.5,90.9,90.0,120.0
1785291359.255477,74.0,59.4,84.3,90.0,120.0
1785291359.316869,70.0,49.5,80.3,90.0,120.0
1785291359.39441,67.6,42.1,77.8,90.0,120.0
1785291359.4893062,66.8,36.6,76.6,90.0,120.0
1785291359.550756,67.0,32.5,75.7,90.0,120.0
1785291359.639931,67.6,29.3,75.9,112.5,117.2
1785291359.725826,68.6,27.0,76.1,112.5,117.2
1785291359.8281732,69.8,25.3,76.5,112.5,117.2
1785291359.9219398,70.8,23.9,76.8,112.5,117.2
1785291359.983797,71.7,23.0,77.4,112.5,117.2
1785291360.051936,72.2,22.2,76.1,112.5,117.2
1785291360.119467,72.3,21.7,75.4,112.5,117.2
1785291360.187095,72.2,21.2,73.9,112.5,117.2
1785291360.2517838,71.6,20.9,72.4,112.5,117.2
1785291360.319958,71.0,20.7,70.5,112.5,117.2
1785291360.386729,70.4,20.5,66.6,112.5,117.2
1785291360.45194,69.7,20.4,62.0,112.5,117.2
1785291360.518486,69.2,20.3,57.1,112.5,117.2
1785291360.587373,68.6,20.2,50.8,112.5,117.2
1785291360.65043,67.0,20.2,42.5,112.5,117.2
1785291360.7227578,67.1,20.1,39.3,112.5,117.2
1785291360.783363,67.1,20.1,39.3,112.5,117.2
1785291360.852741,67.1,20.1,39.3,112.5,117.2
1785291360.916548,67.1,20.1,39.3,112.5,117.2
1785291360.990852,63.9,20.1,34.8,112.5,117.2
1785291361.093052,63.9,20.1,34.8,112.5,117.2
1785291361.210884,63.9,20.1,34.8,112.5,117.2
1785291361.293034,63.9,20.1,34.8,112.5,117.2
1785291361.394711,63.9,20.1,34.8,112.5,117.2
1785291361.494293,63.9,20.1,34.8,112.5,117.2
1785291361.598172,63.9,20.1,34.8,112.5,117.2
1785291361.693999,63.9,20.1,34.8,112.5,117.2
1785291361.794997,63.9,20.1,34.8,112.5,117.2
1785291361.908718,63.4,20.1,38.7,112.5,117.2
1785291361.9967098,63.4,20.1,38.7,112.5,117.2
1785291362.090745,63.4,20.1,38.7,112.5,117.2
1785291362.148981,90.0,90.0,90.0,90.0,117.2
1785291362.229165,90.0,90.0,90.0,90.0,117.2
1785291362.327341,90.0,90.0,90.0,90.0,117.2
1785291362.425021,90.0,90.0,90.0,90.0,117.2
1785291362.521971,90.0,90.0,90.0,90.0,117.2
1785291362.586038,90.0,90.0,90.0,90.0,117.2
1785291362.65314,90.0,90.0,90.0,90.0,117.2
1785291362.720918,90.0,90.0,90.0,90.0,117.2
1785291362.786379,90.0,90.0,90.0,90.0,117.2
1785291362.853708,90.0,90.0,90.0,90.0,117.2
1785291362.918808,90.0,90.0,90.0,90.0,117.2
1785291362.9881542,90.0,90.0,90.0,90.0,117.2
1785291363.053198,90.0,90.0,90.0,90.0,117.2
1785291363.118721,90.0,90.0,90.0,90.0,117.2
1785291363.188276,90.0,90.0,90.0,90.0,117.2
1785291363.251893,90.0,90.0,90.0,90.0,117.2
1785291363.323408,90.0,90.0,90.0,90.0,117.2
1785291363.385634,90.0,90.0,90.0,90.0,117.2
1785291363.456173,90.0,90.0,90.0,90.0,117.2
1785291363.519001,90.0,90.0,90.0,90.0,117.2
1785291363.5915651,90.0,90.0,90.0,90.0,117.2
1785291363.6862879,90.0,90.0,90.0,90.0,117.2
1785291363.754001,90.0,90.0,90.0,90.0,117.2
1785291363.821284,90.0,90.0,90.0,90.0,117.2
1785291363.888434,90.0,90.0,90.0,90.0,117.2
1785291363.952814,90.0,90.0,90.0,90.0,117.2
1785291364.023138,90.0,90.0,90.0,90.0,117.2
1785291364.0861871,90.0,90.0,90.0,90.0,117.2
1785291364.177011,90.0,90.0,90.0,112.5,119.8
1785291364.258522,90.0,90.0,90.0,129.4,121.9
1785291364.315698,90.0,90.0,90.0,142.0,123.2
1785291364.3887098,90.0,90.0,90.0,151.5,124.2
1785291364.453071,90.0,90.0,90.0,158.6,125.0
1785291364.524517,90.0,90.0,90.0,164.0,125.6
1785291364.5853171,90.0,90.0,90.0,168.0,126.3
1785291364.661547,90.0,90.0,90.0,171.0,126.9
1785291364.7617862,90.0,90.0,90.0,173.2,127.3
1785291364.857292,90.0,90.0,90.0,174.9,127.5
1785291364.918835,90.0,90.0,90.0,176.2,127.7
1785291364.993633,90.0,90.0,90.0,177.1,127.7
1785291365.0927172,90.0,90.0,90.0,177.9,127.9
1785291365.191746,90.0,90.0,90.0,178.4,128.1
1785291365.25037,90.0,90.0,90.0,178.8,128.2
1785291365.325444,90.0,90.0,90.0,179.1,128.2
1785291365.386663,90.0,90.0,90.0,179.3,128.2
1785291365.45927,90.0,90.0,90.0,179.5,128.2
1785291365.51664,90.0,90.0,90.0,179.6,128.2
1785291365.5903842,90.0,90.0,90.0,179.7,128.2
1785291365.653727,90.0,90.0,90.0,179.8,128.3
1785291365.722063,90.0,90.0,90.0,179.8,128.3
1785291365.789133,90.0,90.0,90.0,179.9,128.2
1785291365.854387,90.0,90.0,90.0,179.9,128.4
1785291365.926353,90.0,90.0,90.0,179.9,128.7
1785291365.984726,90.0,90.0,90.0,179.9,128.8
1785291366.0594602,90.0,90.0,90.0,180.0,128.9
1785291366.117835,90.0,90.0,90.0,180.0,128.7
1785291366.192607,90.0,90.0,90.0,180.0,128.5
1785291366.250908,90.0,90.0,90.0,180.0,128.5
1785291366.3247008,90.0,90.0,90.0,180.0,128.5
1785291366.386464,90.0,90.0,90.0,180.0,128.6
1785291366.4566112,90.0,90.0,90.0,180.0,128.5
1785291366.521826,90.0,90.0,90.0,180.0,128.4
1785291366.590307,90.0,90.0,90.0,180.0,128.3
1785291366.654411,90.0,90.0,90.0,180.0,128.3
1785291366.721416,90.0,90.0,90.0,180.0,128.2
1785291366.7891572,83.4,76.9,69.7,180.0,128.0
1785291366.85681,78.5,67.1,55.0,180.0,127.9
1785291366.9214249,74.8,59.6,45.9,180.0,127.9
1785291366.990705,72.4,53.9,40.6,180.0,127.9
1785291367.054501,71.0,49.6,39.3,180.0,128.1
1785291367.1245298,70.2,46.4,39.6,180.0,128.1
1785291367.18743,69.8,44.1,41.2,180.0,128.0
1785291367.2573178,69.5,42.3,42.4,180.0,127.9
1785291367.3219562,69.3,41.0,43.3,180.0,127.8
1785291367.391381,69.3,39.9,44.0,180.0,127.7
1785291367.45427,69.1,39.1,44.8,180.0,127.7
1785291367.523097,68.8,38.7,45.5,180.0,127.8
1785291367.5911539,68.5,38.5,45.9,180.0,127.6
1785291367.6548731,68.1,38.4,46.0,180.0,127.6
1785291367.72545,67.9,38.4,46.1,180.0,127.5
1785291367.788077,67.7,38.3,46.2,180.0,127.5
1785291367.857043,67.5,38.2,47.3,180.0,127.4
1785291367.9223082,67.4,38.1,47.8,180.0,127.4
1785291367.991758,67.4,38.0,48.3,180.0,127.4
1785291368.054593,67.4,38.0,48.6,180.0,127.4
1785291368.124491,67.5,38.0,48.9,180.0,127.4
1785291368.188261,67.7,38.0,49.5,180.0,127.4
1785291368.256735,68.0,38.2,51.1,180.0,127.4
1785291368.322516,68.2,38.8,53.2,180.0,127.3
1785291368.39101,68.3,39.8,55.5,180.0,127.3
1785291368.455356,68.5,41.1,58.3,180.0,127.2
1785291368.525423,68.3,42.6,61.3,180.0,127.2
1785291368.587902,68.2,44.0,64.6,180.0,127.1
1785291368.657065,68.1,45.2,68.6,180.0,127.1
1785291368.721484,68.2,46.1,71.5,180.0,127.1
1785291368.795548,68.2,46.6,74.0,180.0,127.0
1785291368.8967512,68.0,46.7,76.2,180.0,127.1
1785291368.9986749,67.9,46.6,77.9,180.0,127.2
1785291369.097619,68.1,46.5,79.1,180.0,127.3
1785291369.190611,68.4,46.3,79.6,180.0,127.3
1785291369.253016,68.6,46.2,80.4,180.0,127.2
1785291369.3309581,68.8,46.2,81.3,180.0,127.2
1785291369.4258308,68.9,46.2,82.0,180.0,127.2
1785291369.490974,68.9,46.1,82.6,180.0,127.2
1785291369.556184,68.8,46.0,83.1,180.0,127.2
1785291369.62521,68.7,46.0,83.7,180.0,127.2
1785291369.689742,68.8,45.9,84.0,180.0,127.2
1785291369.757788,68.7,45.9,84.3,180.0,127.1
1785291369.826105,68.7,45.9,85.0,180.0,127.2
1785291369.888556,68.7,45.9,85.5,180.0,127.2
1785291369.9581928,68.7,45.9,85.9,180.0,127.3
1785291370.023236,68.8,45.9,86.2,180.0,127.2
1785291370.091043,68.8,45.9,86.5,180.0,127.3
1785291370.158458,68.7,45.8,86.3,180.0,127.3
1785291370.2232141,68.7,45.7,86.2,180.0,127.3
1785291370.290406,68.5,45.6,85.7,180.0,127.3
1785291370.3585541,68.6,45.4,85.4,180.0,127.3
1785291370.423956,68.6,45.2,84.2,180.0,127.3
1785291370.489961,68.7,45.0,83.3,180.0,127.4
1785291370.557204,68.7,44.7,82.3,180.0,127.4
1785291370.625289,68.9,44.5,81.6,180.0,127.4
1785291370.689551,69.1,44.2,80.4,180.0,127.5
1785291370.7625651,69.4,43.9,79.1,180.0,127.5
1785291370.85988,69.7,43.6,77.1,180.0,127.5
1785291370.921243,70.3,43.3,75.4,180.0,127.6
1785291370.995998,71.0,43.2,73.7,180.0,127.5
1785291371.091481,71.6,43.0,71.7,180.0,127.6
1785291371.1567428,72.3,43.0,70.0,180.0,127.6
1785291371.2265222,72.8,43.0,68.6,180.0,127.6
1785291371.289192,73.0,43.0,67.7,180.0,127.6
1785291371.361163,73.4,43.1,66.5,180.0,127.6
1785291371.422645,73.5,43.1,65.7,180.0,127.7
1785291371.4952571,73.7,43.2,65.2,180.0,127.8
1785291371.5963268,74.0,43.3,64.2,180.0,127.9
1785291371.699671,73.8,43.4,63.5,180.0,128.0
1785291371.793538,73.9,43.5,62.6,180.0,128.1
1785291371.855291,73.8,43.5,61.6,180.0,128.0
1785291371.928562,73.9,43.5,60.1,180.0,128.0
1785291371.987782,73.9,43.3,59.3,180.0,127.9
1785291372.057039,73.9,43.2,57.9,180.0,127.9
1785291372.1248791,74.1,43.1,57.3,180.0,127.9
1785291372.193581,73.8,42.9,56.9,180.0,127.9
1785291372.256382,73.8,42.9,57.3,180.0,127.9
1785291372.326476,73.5,42.9,57.8,180.0,127.9
1785291372.391189,73.3,42.8,58.6,180.0,127.9
1785291372.458494,73.5,42.9,59.6,180.0,128.0
1785291372.524776,74.0,42.8,59.5,180.0,127.9
1785291372.59146,74.8,42.8,60.3,180.0,127.9
1785291372.659133,75.5,42.9,61.9,180.0,128.0
1785291372.723549,76.7,42.9,63.0,180.0,128.0
1785291372.7922509,77.6,42.9,63.8,180.0,127.9
1785291372.85784,78.8,42.8,64.3,180.0,127.8
1785291372.924608,79.1,42.7,64.6,180.0,127.8
1785291372.993354,78.5,42.6,65.5,180.0,127.8
1785291373.056857,76.7,42.6,67.7,180.0,127.7
1785291373.126244,74.7,42.6,69.1,180.0,127.7
1785291373.1932669,72.6,42.5,71.0,180.0,127.8
1785291373.2562711,71.2,42.4,71.9,180.0,127.8
1785291373.3263428,70.6,42.3,72.8,180.0,128.0
1785291373.390213,71.3,42.3,74.2,180.0,127.9
1785291373.4588292,72.8,42.4,75.0,180.0,127.8
1785291373.5243819,74.8,42.3,76.6,180.0,127.7
1785291373.590716,77.0,42.5,79.0,180.0,127.6
1785291373.6579368,79.2,42.7,81.7,180.0,127.5
1785291373.7258492,81.5,42.7,83.5,180.0,127.4
1785291373.7904599,83.9,42.9,85.9,180.0,127.4
1785291373.859515,85.9,43.0,87.6,180.0,127.5
1785291373.92381,87.6,43.0,88.6,180.0,127.5
1785291373.992788,88.9,43.0,88.7,180.0,127.5
1785291374.0571148,89.9,42.9,88.7,180.0,127.7
1785291374.1261718,90.4,42.4,88.5,180.0,127.7
1785291374.190986,90.4,42.1,89.6,180.0,127.8
1785291374.2593112,89.9,41.7,89.7,180.0,127.9
1785291374.325962,89.2,41.6,90.3,180.0,128.0
1785291374.394668,88.3,41.5,91.1,180.0,128.0
1785291374.457431,87.4,41.5,91.8,180.0,128.1
1785291374.527502,86.7,41.4,92.2,180.0,128.1
1785291374.590739,86.1,41.4,92.3,180.0,128.1
1785291374.660182,85.7,41.4,92.4,180.0,128.0
1785291374.724528,85.3,41.4,92.6,180.0,128.0
1785291374.796027,85.0,41.4,93.0,180.0,127.9
1785291374.856477,84.9,41.5,93.6,180.0,127.8
1785291374.927028,84.8,41.5,94.1,180.0,127.7
1785291374.993451,84.7,41.6,94.2,180.0,127.6
1785291375.05637,84.6,41.5,93.9,180.0,127.6
1785291375.126327,84.6,41.5,93.4,180.0,127.7
1785291375.192083,84.3,41.5,93.0,180.0,127.7
1785291375.2601311,84.1,41.5,92.4,180.0,127.7
1785291375.3258948,83.9,41.5,91.9,180.0,127.7
1785291375.3941891,83.7,41.5,91.7,180.0,127.8
1785291375.4589388,83.5,41.5,91.8,180.0,127.8
1785291375.5265741,83.3,41.6,91.5,180.0,127.7
1785291375.594815,83.1,41.7,91.2,180.0,127.8
1785291375.657876,82.8,42.1,91.2,180.0,127.8
1785291375.726727,82.4,42.8,91.4,180.0,127.8
1785291375.794496,82.2,43.9,91.8,180.0,127.7
1785291375.8588958,81.9,45.1,92.1,180.0,127.6
1785291375.9246762,81.6,46.3,91.7,180.0,127.6
1785291375.9946182,81.2,47.7,91.6,180.0,127.6
1785291376.0606132,80.9,49.2,91.6,180.0,127.8
1785291376.1253078,80.6,50.7,90.9,180.0,127.8
1785291376.194929,80.3,52.6,90.1,180.0,127.8
1785291376.258424,80.1,54.6,88.9,180.0,127.7
1785291376.327685,79.8,56.7,88.2,180.0,127.6
1785291376.393613,79.4,58.7,87.9,180.0,127.6
1785291376.4587379,78.9,60.6,88.1,180.0,127.6
1785291376.52646,78.3,62.2,88.3,180.0,127.7
1785291376.5952299,77.7,63.3,88.2,180.0,127.6
1785291376.660664,77.1,64.1,88.0,180.0,127.5
1785291376.721645,76.6,64.5,88.0,180.0,127.5
1785291376.796176,76.2,64.5,88.1,180.0,127.4
1785291376.8593512,75.7,64.2,88.1,180.0,127.4
1785291376.926796,75.5,63.6,87.9,180.0,127.5
1785291376.993163,75.3,62.8,87.4,180.0,127.6
1785291377.060582,75.2,62.0,88.1,180.0,127.6
1785291377.125965,75.0,60.9,88.3,180.0,127.5
1785291377.1973069,74.9,59.7,89.2,180.0,127.6
1785291377.257215,74.8,58.5,89.2,180.0,127.6
1785291377.328963,75.0,57.4,88.8,180.0,127.5
1785291377.394701,75.3,56.6,88.8,180.0,127.5
1785291377.4595158,76.1,56.0,89.0,180.0,127.4
1785291377.527173,77.2,55.4,88.9,180.0,127.4
1785291377.593921,78.9,54.9,88.9,180.0,127.4
1785291377.659712,81.4,54.5,88.0,180.0,127.3
1785291377.726877,84.8,54.2,86.7,180.0,127.3
1785291377.796045,88.8,53.7,84.6,180.0,127.3
1785291377.859585,93.0,53.2,82.5,180.0,127.3
1785291377.9278579,97.2,52.7,80.4,180.0,127.3
1785291377.994362,101.1,52.4,79.2,180.0,127.3
1785291378.060674,104.8,52.1,78.5,180.0,127.3
1785291378.130058,107.9,51.7,78.4,180.0,127.3
1785291378.1946518,109.5,51.4,78.2,180.0,127.3
1785291378.261246,109.0,51.3,78.4,180.0,127.4
1785291378.328251,107.4,51.6,79.2,180.0,127.5
1785291378.395838,105.5,52.0,79.5,180.0,127.5
1785291378.4607081,104.0,52.6,80.2,180.0,127.8
1785291378.527452,103.5,52.9,80.7,180.0,127.9
1785291378.597037,103.9,52.9,80.5,180.0,128.1
1785291378.659034,104.9,52.7,80.1,180.0,128.1
1785291378.7314491,105.1,52.4,80.2,180.0,128.0
1785291378.793083,104.6,52.1,80.5,180.0,128.0
1785291378.864516,104.0,51.9,80.7,180.0,127.9
1785291378.925143,104.0,51.8,81.2,180.0,127.9
1785291378.996877,104.7,51.6,81.0,180.0,127.9
1785291379.060768,106.3,51.4,80.5,180.0,127.9
1785291379.129236,108.4,51.1,80.0,180.0,127.8
1785291379.194089,110.6,50.9,79.8,180.0,127.8
1785291379.260606,112.8,50.8,79.4,180.0,127.8
1785291379.3281221,114.8,50.6,79.1,180.0,127.9
1785291379.396422,116.8,50.4,78.8,180.0,127.9
1785291379.460232,118.8,50.2,78.5,180.0,128.0
1785291379.528878,120.7,50.1,78.3,180.0,128.1
1785291379.5945878,122.5,49.9,77.5,180.0,128.2
1785291379.660562,123.9,49.7,76.9,180.0,128.2
1785291379.7295082,125.0,49.4,76.3,180.0,128.2
1785291379.7958322,125.3,49.2,76.0,180.0,128.2
1785291379.861614,125.0,49.0,76.2,180.0,128.3
1785291379.9282718,124.1,48.8,76.3,180.0,128.3
1785291379.99756,123.0,48.6,76.4,180.0,128.2
1785291380.0598211,121.8,48.4,76.9,180.0,128.3
1785291380.131862,120.1,48.0,76.9,180.0,128.4
1785291380.193134,117.2,47.9,78.3,180.0,128.3
1785291380.263243,113.9,47.7,79.0,180.0,128.3
1785291380.328007,110.5,47.5,79.7,180.0,128.3
1785291380.396405,107.7,47.5,80.0,180.0,128.3
1785291380.461658,105.5,47.6,80.6,180.0,128.2
1785291380.527329,103.7,47.7,81.4,180.0,128.1
1785291380.599096,102.2,47.9,81.7,180.0,128.0
1785291380.6598458,101.2,48.1,82.1,180.0,128.0
1785291380.730156,99.8,48.4,82.8,180.0,127.9
1785291380.795512,98.3,48.7,83.5,180.0,127.8
1785291380.86191,96.9,49.0,83.9,180.0,127.8
1785291380.9302201,95.7,49.3,84.0,180.0,127.7
1785291380.9966972,94.6,49.7,84.1,180.0,127.7
1785291381.0616698,94.0,50.2,84.1,180.0,127.6
1785291381.128567,93.7,50.7,83.5,180.0,127.5
1785291381.201442,93.2,51.3,83.0,180.0,127.5
1785291381.304049,92.1,51.7,82.3,180.0,127.5
1785291381.404742,90.0,52.0,82.6,180.0,127.5
1785291381.503299,87.3,52.2,82.9,180.0,127.5
1785291381.604121,84.8,52.5,82.7,180.0,127.4
1785291381.6955981,82.6,52.8,83.2,180.0,127.4
1785291381.7588701,80.9,53.1,83.6,180.0,127.3
1785291381.833112,79.4,53.3,83.6,180.0,127.3
1785291381.893041,78.2,53.5,83.7,180.0,127.2
1785291381.963905,77.3,53.7,84.0,180.0,127.2
1785291382.026709,76.5,53.8,84.1,180.0,127.1
1785291382.1003299,76.0,53.9,84.2,180.0,127.0
1785291382.2060769,75.8,54.0,84.3,180.0,127.1
1785291382.300312,75.8,54.0,83.9,180.0,127.1
1785291382.359721,75.7,54.0,83.8,180.0,127.0
1785291382.433562,75.6,54.0,83.7,180.0,127.0
1785291382.4928482,75.4,53.9,83.5,180.0,127.0
1785291382.564994,75.3,53.8,83.3,180.0,127.0
1785291382.629766,75.2,53.7,83.1,180.0,127.0
1785291382.697152,75.2,53.6,83.2,180.0,127.0
1785291382.763804,75.4,53.6,83.3,180.0,127.0
1785291382.829447,75.8,53.6,83.4,180.0,127.0
1785291382.8965409,76.3,53.8,83.2,180.0,126.9
1785291382.963836,76.9,54.1,83.0,180.0,126.9
1785291383.032948,77.6,54.5,82.9,180.0,126.9
1785291383.094272,78.2,55.0,82.6,180.0,127.0
1785291383.162427,79.0,55.6,82.7,180.0,127.0
1785291383.236248,80.1,56.2,82.7,180.0,127.0
1785291383.336638,81.3,56.9,82.5,180.0,127.0
1785291383.434983,82.8,57.5,82.4,180.0,127.1
1785291383.530377,84.3,58.1,82.1,180.0,127.0
1785291383.596239,85.4,58.4,81.8,180.0,127.0
1785291383.664625,86.3,58.7,81.6,180.0,127.0
1785291383.72806,86.8,58.9,81.4,180.0,127.0
1785291383.7954938,87.2,59.0,81.3,180.0,126.9
1785291383.8643572,87.5,59.1,81.3,180.0,126.9
1785291383.9296262,87.6,59.1,81.5,180.0,126.8
1785291383.99844,87.6,59.0,81.7,180.0,126.9
1785291384.063205,87.3,58.6,81.2,180.0,126.9
1785291384.128835,87.0,57.9,80.6,180.0,126.8
1785291384.195742,86.7,57.0,79.8,180.0,126.7
1785291384.266866,86.3,56.1,79.5,180.0,126.7
1785291384.3270872,85.9,55.3,79.8,180.0,126.7
1785291384.403373,85.4,54.5,80.1,180.0,126.7
1785291384.5002959,84.9,53.8,80.1,180.0,126.7
1785291384.564287,84.7,53.2,80.0,180.0,126.7
1785291384.632919,84.6,52.8,79.8,180.0,126.7
1785291384.694892,84.4,52.4,79.6,180.0,126.7
1785291384.7687821,84.3,52.1,79.3,180.0,126.8
1785291384.8308322,84.0,51.7,79.5,180.0,126.8
1785291384.898974,83.6,51.5,79.5,180.0,126.8
1785291384.964776,83.3,51.2,79.2,180.0,126.8
1785291385.033579,83.1,51.0,79.2,180.0,126.8
1785291385.096162,83.0,50.8,79.5,180.0,126.8
1785291385.169416,82.9,50.6,79.9,180.0,126.9
1785291385.2275782,82.9,50.5,80.1,180.0,127.0
1785291385.299341,82.8,50.3,80.2,180.0,126.9
1785291385.365889,82.9,50.2,80.2,180.0,126.8
1785291385.431054,83.0,50.1,80.3,180.0,126.8
1785291385.497644,83.2,50.0,80.8,180.0,126.7
1785291385.566444,83.4,49.9,81.0,180.0,126.7
1785291385.631527,83.7,49.8,80.8,180.0,126.7
1785291385.697747,84.1,49.9,80.5,180.0,126.7
1785291385.765595,84.4,50.0,80.1,180.0,126.7
1785291385.833846,84.8,50.1,79.5,180.0,126.8
1785291385.8954828,85.0,50.2,79.2,180.0,126.8
1785291385.969088,85.2,50.3,78.9,180.0,126.8
1785291386.028832,85.3,50.3,78.7,180.0,126.8
1785291386.103178,85.4,50.3,78.7,180.0,126.9
1785291386.2080672,85.5,50.4,78.7,180.0,126.8
1785291386.301426,85.6,50.5,78.6,180.0,126.9
1785291386.362043,85.7,50.5,78.4,180.0,126.9
1785291386.436227,85.6,50.6,78.5,180.0,126.9
1785291386.533323,85.5,50.7,78.7,180.0,126.8
1785291386.5986402,85.5,50.8,78.8,180.0,126.9
1785291386.663924,85.4,50.8,78.7,180.0,126.9
1785291386.735978,85.2,50.9,78.7,180.0,126.9
1785291386.796654,85.2,50.9,78.6,180.0,126.9
1785291386.8640552,85.1,50.9,78.7,180.0,126.8
1785291386.937259,84.9,51.0,78.7,180.0,126.8
1785291386.994781,84.9,51.0,78.6,180.0,126.8
1785291387.065988,84.8,51.0,78.6,180.0,126.8
1785291387.131802,84.8,51.0,78.6,180.0,126.8
1785291387.203431,84.8,50.9,78.6,180.0,126.7
1785291387.30163,84.7,50.8,79.1,180.0,126.7
1785291387.364108,84.4,50.6,79.7,180.0,126.8
1785291387.437527,84.1,50.2,80.2,180.0,126.7
1785291387.536139,83.8,49.8,80.6,180.0,126.7
1785291387.596755,83.7,49.3,80.9,180.0,126.7
1785291387.66532,84.0,48.9,81.2,180.0,126.8
1785291387.7331688,84.3,48.6,81.6,180.0,126.8
1785291387.800574,84.6,48.3,81.7,180.0,126.8
1785291387.86557,84.8,48.0,81.7,180.0,126.8
1785291387.935773,85.0,47.7,81.8,180.0,126.7
1785291387.996895,85.2,47.4,81.7,180.0,126.7
1785291388.0743349,85.2,47.0,81.6,180.0,126.7
1785291388.1705291,85.2,46.6,81.1,180.0,126.6
1785291388.230229,85.2,46.2,80.8,180.0,126.7
1785291388.302542,85.2,45.8,80.4,180.0,126.8
1785291388.365493,85.4,45.3,80.1,180.0,126.9
1785291388.435037,85.2,45.0,80.1,180.0,127.0
1785291388.498862,85.2,44.7,80.0,180.0,127.0
1785291388.566678,85.2,44.5,79.7,180.0,127.0
1785291388.634318,84.9,44.4,79.8,180.0,127.0
1785291388.69915,84.9,44.3,79.5,180.0,127.0
1785291388.766277,84.7,44.3,79.7,180.0,127.1
1785291388.834302,84.5,44.4,79.8,180.0,127.0
1785291388.899391,84.4,44.5,79.9,180.0,127.0
1785291388.9663832,84.2,44.6,79.8,180.0,127.0
1785291389.0330088,83.9,44.7,79.8,180.0,126.9
1785291389.099509,83.7,44.8,80.0,180.0,126.8
1785291389.1698859,83.4,45.0,80.1,180.0,126.8
1785291389.230151,82.9,45.1,80.5,180.0,126.7
1785291389.303481,82.2,45.2,80.4,180.0,126.7
1785291389.363627,81.5,45.3,80.6,180.0,126.7
1785291389.4359539,80.8,45.4,80.8,180.0,126.6
1785291389.4995399,79.8,45.5,80.9,180.0,126.7
1785291389.5674,78.5,45.5,81.0,180.0,126.7
1785291389.634262,77.2,45.5,81.2,180.0,126.7
1785291389.6971898,75.8,45.4,81.2,180.0,126.7
1785291389.770129,74.4,45.2,80.9,180.0,126.8
1785291389.8321521,73.5,45.0,80.8,180.0,126.8
1785291389.898439,72.7,44.9,80.8,180.0,126.7
1785291389.966625,72.2,44.7,80.7,180.0,126.6
1785291390.03546,71.6,44.4,80.4,180.0,126.5
1785291390.097019,71.1,44.0,79.9,180.0,126.6
1785291390.168729,70.8,43.6,79.2,180.0,126.6
1785291390.2349482,70.6,43.3,79.2,180.0,126.7
1785291390.300787,70.5,43.0,79.3,180.0,126.6
1785291390.367069,70.8,42.8,78.9,180.0,126.0
1785291390.436013,71.0,42.5,78.8,180.0,124.8
1785291390.497458,71.5,42.3,78.4,180.0,123.4
1785291390.571656,72.2,42.2,78.1,180.0,122.0
1785291390.631083,72.9,42.1,78.3,180.0,121.0
1785291390.7016609,73.8,42.1,78.0,180.0,120.0
1785291390.767191,74.6,42.0,77.6,180.0,119.1
1785291390.8357189,75.2,42.0,77.3,180.0,118.5
1785291390.899555,75.7,42.1,76.8,180.0,118.0
1785291390.967378,76.2,42.2,76.8,180.0,117.7
1785291391.036522,76.3,42.4,77.1,180.0,117.3
1785291391.099224,76.3,42.7,77.7,180.0,116.7
1785291391.1724749,76.2,42.9,78.1,180.0,114.6
1785291391.231511,76.2,43.1,78.4,180.0,110.9
1785291391.300973,76.1,43.1,78.5,180.0,108.2
1785291391.366973,76.2,43.2,78.4,180.0,106.2
1785291391.4365828,76.1,43.2,78.4,180.0,104.6
1785291391.499885,76.1,43.2,78.3,180.0,103.5
1785291391.5670888,76.0,43.2,78.4,180.0,102.6
1785291391.635882,76.0,43.2,78.3,180.0,101.9
1785291391.7012029,76.0,43.2,78.4,180.0,101.5
1785291391.76785,76.1,43.2,78.3,180.0,101.3
1785291391.836664,76.1,43.1,78.4,180.0,101.5
1785291391.898431,76.1,43.1,78.2,180.0,102.0
1785291391.969934,76.2,43.0,78.1,180.0,102.6
1785291392.034249,76.2,42.9,78.1,180.0,103.2
1785291392.101197,76.3,42.9,78.1,180.0,103.1
1785291392.168211,76.5,42.8,78.2,180.0,102.4
1785291392.236486,76.6,42.7,78.3,180.0,101.8
1785291392.301437,76.7,42.6,78.4,180.0,101.3
1785291392.369783,76.7,42.5,78.3,180.0,101.0
1785291392.435095,76.9,42.3,78.3,180.0,100.7
1785291392.5012999,77.1,42.2,78.2,180.0,100.6
1785291392.568628,77.3,42.0,78.1,180.0,100.4
1785291392.6358242,77.6,41.8,77.9,180.0,100.3
1785291392.701495,77.7,41.6,77.6,180.0,100.2
1785291392.7696588,77.9,41.6,77.3,180.0,100.2
1785291392.83466,77.9,41.6,77.0,180.0,100.1
1785291392.903039,78.1,41.6,76.9,180.0,100.1
1785291392.968684,78.1,41.6,76.9,180.0,100.1
1785291393.03573,78.1,41.5,77.1,180.0,101.0
1785291393.10109,78.3,41.4,77.2,180.0,102.6
1785291393.1691241,78.5,41.4,77.2,180.0,104.5
1785291393.236248,78.8,41.3,77.0,180.0,106.2
1785291393.302463,78.9,41.4,77.0,180.0,107.9
1785291393.370892,79.1,41.4,76.9,180.0,109.6
1785291393.435167,79.4,41.5,77.0,180.0,111.3
1785291393.503791,79.7,41.5,77.1,180.0,113.0
1785291393.56783,79.9,41.5,77.2,180.0,114.5
1785291393.639091,80.0,41.5,77.3,180.0,115.7
1785291393.698813,80.1,41.5,77.3,180.0,116.6
1785291393.7748039,80.2,41.5,77.2,180.0,117.3
1785291393.87674,80.3,41.5,77.3,180.0,118.1
1785291393.976584,80.5,41.6,77.2,180.0,118.7
1785291394.077858,80.7,41.6,77.1,180.0,119.2
1785291394.172554,81.0,41.5,77.1,180.0,119.5
1785291394.235083,81.2,41.5,77.2,180.0,119.8
1785291394.302015,81.3,41.4,77.4,180.0,119.9
1785291394.370003,81.4,41.3,77.6,180.0,120.0
1785291394.4371462,81.5,41.2,77.7,180.0,120.1
1785291394.50273,81.4,41.0,77.5,180.0,120.1
1785291394.568945,81.3,40.9,77.4,180.0,120.1
1785291394.636985,81.4,40.7,77.3,180.0,120.2
1785291394.7024481,81.4,40.5,77.6,180.0,120.3
1785291394.771005,81.4,40.3,77.8,180.0,120.3
1785291394.835975,81.6,40.1,77.9,180.0,120.3
1785291394.9013069,81.7,39.9,78.0,180.0,120.4
1785291394.970955,81.6,39.7,78.3,180.0,120.4
1785291395.036418,81.6,39.4,78.1,180.0,120.4
1785291395.102487,81.4,39.1,78.1,180.0,120.4
1785291395.1697762,81.3,38.8,78.1,180.0,120.5
1785291395.237548,81.3,38.6,77.7,180.0,120.6
1785291395.302974,81.4,38.4,77.4,180.0,120.6
1785291395.370145,81.6,38.4,77.2,180.0,120.7
1785291395.437144,81.8,38.7,77.5,180.0,120.6
1785291395.501973,81.5,39.2,77.6,180.0,120.7
1785291395.572288,81.3,39.6,77.6,180.0,120.7
1785291395.636565,81.1,40.0,77.7,180.0,120.6
1785291395.702997,80.8,40.4,77.8,180.0,120.6
1785291395.77011,80.4,40.7,77.9,180.0,120.5
1785291395.8386712,80.1,41.0,77.9,180.0,120.4
1785291395.902312,79.9,41.2,77.8,180.0,120.3
1785291395.9723148,79.9,41.5,77.8,180.0,120.2
1785291396.0363278,79.7,41.7,77.9,180.0,120.1
1785291396.10305,79.6,41.9,77.9,180.0,120.1
1785291396.169239,79.7,42.1,77.7,180.0,120.1
1785291396.239543,79.6,42.2,77.6,180.0,120.1
1785291396.300928,79.7,42.5,77.8,180.0,120.0
1785291396.373873,79.5,42.7,77.9,180.0,120.1
1785291396.4354172,79.5,42.9,77.8,180.0,120.1
1785291396.50398,79.5,43.0,77.9,180.0,120.1
1785291396.570112,79.4,43.1,77.8,180.0,120.2
1785291396.638745,79.5,43.2,77.9,180.0,120.1
1785291396.702843,79.5,43.4,77.8,180.0,120.1
1785291396.77343,79.6,43.5,77.6,180.0,120.0
1785291396.8362508,79.6,43.6,77.3,180.0,120.0
1785291396.90606,79.6,43.6,77.3,180.0,119.9
1785291396.968456,79.7,43.7,77.1,180.0,119.9
1785291397.042416,79.5,43.9,77.3,180.0,119.9
1785291397.1439219,79.5,44.0,77.3,180.0,119.9
1785291397.237633,79.4,44.1,77.4,180.0,119.9
1785291397.3032398,79.3,44.1,77.9,180.0,119.8
1785291397.3704891,79.3,44.0,78.3,180.0,119.5
1785291397.438626,79.5,43.9,78.7,180.0,118.7
1785291397.503505,79.6,43.8,78.9,180.0,117.3
1785291397.571316,79.9,43.7,78.7,180.0,115.4
1785291397.637584,80.1,43.6,78.7,180.0,113.1
1785291397.7045498,80.3,43.6,78.7,180.0,110.4
1785291397.771135,80.5,43.6,78.7,180.0,108.1
1785291397.838884,80.7,43.5,78.6,180.0,106.1
1785291397.903418,80.9,43.5,78.5,180.0,104.6
1785291397.970518,81.0,43.4,78.4,180.0,103.4
1785291398.039497,81.1,43.4,78.3,180.0,102.6
1785291398.103376,81.2,43.4,78.1,180.0,101.9
1785291398.171565,81.3,43.4,78.0,180.0,101.4
1785291398.238657,81.3,43.4,77.9,180.0,101.1
1785291398.303614,81.3,43.4,77.9,180.0,100.8
1785291398.3711119,81.3,43.4,77.9,180.0,100.6
1785291398.439708,81.3,43.4,77.8,180.0,100.5
1785291398.503165,81.4,43.4,77.8,180.0,100.3
1785291398.573141,81.5,43.4,77.9,180.0,100.3
1785291398.638997,81.8,43.4,78.2,180.0,100.2
1785291398.7045481,82.0,43.4,78.7,180.0,100.1
1785291398.7720718,82.2,43.4,79.2,180.0,100.1
1785291398.838733,82.5,43.3,79.5,180.0,100.1
1785291398.905901,82.7,43.2,79.6,180.0,100.1
1785291398.970594,83.0,43.1,79.6,180.0,100.0
1785291399.0400681,83.2,43.0,79.6,180.0,100.0
1785291399.102624,83.4,42.9,79.4,180.0,100.0
1785291399.173384,83.5,42.9,79.1,180.0,100.0
1785291399.237992,83.6,42.8,78.9,180.0,100.0
1785291399.304988,83.6,42.8,78.8,180.0,100.0
1785291399.371338,83.6,42.8,78.6,180.0,100.0
1785291399.439889,83.7,42.8,78.6,180.0,100.0
1785291399.50513,83.8,42.8,78.5,180.0,100.0
1785291399.5655181,83.8,42.8,78.4,180.0,100.0
1785291399.646015,83.9,42.8,78.4,180.0,100.0
1785291399.740639,83.9,42.8,78.4,180.0,100.0
1785291399.806209,83.9,42.8,78.5,180.0,100.0
1785291399.870563,83.9,42.8,78.4,180.0,100.0
1785291399.9392781,83.9,42.7,78.5,180.0,100.0
1785291400.0057821,83.8,42.7,78.5,180.0,100.0
1785291400.0730848,83.8,42.6,78.4,180.0,100.0
1785291400.138745,83.7,42.7,78.3,180.0,100.0
1785291400.2070038,83.4,42.9,78.3,180.0,100.0
1785291400.269032,83.1,43.2,78.6,179.2,100.0
1785291400.346914,82.9,43.5,78.8,178.0,100.0
1785291400.443552,82.7,43.7,78.6,176.3,100.0
1785291400.541418,82.6,43.9,78.5,174.1,100.0
1785291400.607736,82.5,44.0,78.2,171.7,100.0
1785291400.671013,82.4,44.1,78.1,169.7,100.0
1785291400.74299,82.3,44.2,78.1,168.0,100.0
1785291400.802485,82.4,44.4,78.2,167.1,100.0
1785291400.8766541,82.5,44.7,78.0,166.9,100.0
1785291400.979025,82.4,45.4,78.3,167.1,100.0
1785291401.073708,82.3,46.2,78.6,167.7,100.0
1785291401.138347,82.0,46.9,78.9,168.4,100.0
1785291401.2071822,81.5,47.7,79.4,169.2,100.0
1785291401.270368,81.3,48.3,79.5,170.2,100.0
1785291401.3419578,81.2,49.0,79.6,171.2,100.0
1785291401.404767,81.0,49.8,79.6,172.1,100.0
1785291401.476892,80.9,50.5,79.5,172.8,100.0
1785291401.574383,81.0,51.2,79.2,173.6,100.0
1785291401.634588,81.1,51.7,78.7,174.4,100.0
1785291401.706951,81.1,52.1,78.4,175.1,100.0
1785291401.7720032,81.1,52.4,78.4,175.7,100.0
1785291401.8422441,81.1,52.7,78.5,176.1,100.0
1785291401.905257,81.2,53.0,78.4,176.6,100.0
1785291401.977111,81.1,53.3,78.6,176.9,100.0
1785291402.036339,81.0,53.6,78.9,177.3,100.0
1785291402.1116369,81.0,54.0,79.1,177.7,100.0
1785291402.211284,81.0,54.3,79.0,178.1,100.0
1785291402.3080919,80.8,54.6,78.7,178.4,100.0
1785291402.371899,80.7,54.9,78.7,178.8,100.0
1785291402.442508,80.6,55.3,78.6,178.9,100.0
1785291402.504524,80.4,55.6,78.7,179.0,100.0
1785291402.5744362,80.3,55.8,78.6,179.1,100.0
1785291402.639529,80.1,56.0,78.4,179.2,100.0
1785291402.708171,80.0,56.2,78.5,179.3,100.0
1785291402.7731981,79.9,56.4,78.7,179.3,100.0
1785291402.840739,79.9,56.7,78.7,179.3,100.0
1785291402.906754,79.9,56.8,78.4,179.3,100.0
1785291402.973932,79.9,56.9,78.3,179.4,100.0
1785291403.0400598,79.9,57.0,78.0,179.5,100.0
1785291403.1086621,79.8,57.2,77.8,179.6,100.0
1785291403.1718621,79.8,57.2,77.7,179.7,100.0
1785291403.2424161,79.7,57.4,77.9,179.7,100.0
1785291403.3060951,79.7,57.5,77.7,179.8,100.0
1785291403.373776,79.7,57.6,77.5,179.9,100.0
1785291403.441565,79.7,57.6,77.4,179.9,100.0
1785291403.505003,79.7,57.8,77.7,179.9,100.0
1785291403.575246,79.7,57.9,77.7,179.9,100.0
1785291403.640138,79.6,58.0,77.7,180.0,100.0
1785291403.7077498,79.6,58.3,78.1,180.0,100.0
1785291403.77322,79.7,58.5,78.4,180.0,100.0
1785291403.841752,79.5,58.7,78.6,180.0,100.0
1785291403.9050848,79.4,59.0,78.8,180.0,100.0
1785291403.978085,79.4,59.2,78.9,180.0,100.0
1785291404.0376089,79.4,59.4,78.6,180.0,100.0
1785291404.1074371,79.4,59.5,78.3,180.0,100.0
1785291404.1734478,79.4,59.8,78.6,180.0,100.0
1785291404.238998,79.4,60.1,78.5,180.0,100.0
1785291404.309844,79.5,60.5,78.6,180.0,100.0
1785291404.3716109,79.7,60.7,78.2,180.0,100.0
1785291404.442444,79.7,61.1,78.0,180.0,100.0
1785291404.5050151,79.8,61.3,77.5,180.0,100.0
1785291404.5743418,79.9,61.7,77.3,180.0,100.0
1785291404.639287,79.9,61.9,77.1,180.0,100.0
1785291404.7076569,80.0,62.2,77.2,180.0,100.0
1785291404.7728472,79.9,62.6,77.2,180.0,100.0
1785291404.84725,79.8,62.8,77.1,180.0,100.0
1785291404.942394,79.8,63.0,77.1,179.9,100.0
1785291405.008091,79.6,63.3,77.4,179.9,100.0
1785291405.0735638,79.4,63.4,77.5,179.9,100.0
1785291405.145097,79.3,63.6,77.7,179.9,100.0
1785291405.2049322,79.2,63.7,78.2,179.9,100.0
1785291405.2781088,79.0,63.8,78.3,179.9,100.0
1785291405.338933,78.8,63.8,78.3,179.8,100.0
1785291405.411019,78.7,63.8,78.6,179.8,100.0
1785291405.4727612,78.4,63.8,78.9,179.7,100.0
1785291405.543238,78.2,63.8,79.1,179.6,100.0
1785291405.606487,78.0,64.0,79.2,179.4,100.0
1785291405.679681,77.7,64.3,79.9,179.1,100.0
1785291405.778632,77.5,64.6,80.3,178.7,100.0
1785291405.840372,77.2,65.0,80.8,178.4,100.0
1785291405.906563,77.0,65.2,81.2,178.2,100.0
1785291405.975766,76.9,65.4,81.3,178.0,100.0
1785291406.041383,76.8,65.5,81.1,177.8,100.0
1785291406.107417,76.8,65.6,80.9,177.6,100.0
1785291406.175522,76.7,65.7,80.9,177.5,100.0
1785291406.242471,76.7,65.7,80.9,177.5,100.0
1785291406.307004,76.7,65.8,81.1,177.4,100.0
1785291406.3786728,76.7,65.8,81.5,177.4,100.0
1785291406.439044,76.8,65.8,81.9,177.3,100.0
1785291406.5090141,76.9,65.8,82.1,177.3,100.0
1785291406.575701,77.0,65.6,82.0,177.3,100.0
1785291406.6421492,76.9,65.5,81.9,177.3,100.0
1785291406.7097468,77.0,65.5,82.1,177.3,100.0
1785291406.773325,77.2,65.3,81.7,177.4,100.0
1785291406.843627,77.3,65.2,81.9,177.5,100.0
1785291406.9071202,77.4,65.2,82.2,177.6,100.0
1785291406.974345,77.5,65.2,82.3,177.7,100.0
1785291407.044676,77.7,65.1,82.1,177.7,100.0
1785291407.106486,77.7,65.0,82.2,177.8,100.0
1785291407.175209,77.8,64.8,82.0,178.0,100.9
1785291407.241398,77.9,64.7,82.0,178.3,101.5
1785291407.307227,78.1,64.7,82.3,178.6,101.8
1785291407.375322,78.2,64.6,82.4,178.7,101.9
1785291407.442236,78.4,64.5,82.2,178.8,102.3
1785291407.509602,78.5,64.4,81.9,178.8,102.8
1785291407.574215,78.5,64.3,82.0,178.8,103.1
1785291407.643615,78.7,64.2,81.6,178.9,103.4
1785291407.70892,78.9,64.0,81.6,179.1,103.8
1785291407.775983,79.1,63.9,81.6,179.2,104.3
1785291407.843668,79.2,63.8,81.4,179.4,104.8
1785291407.909215,79.4,63.7,81.3,179.6,105.6
1785291407.977022,79.7,63.6,81.2,179.7,106.4
1785291408.041685,79.8,63.5,80.9,179.8,107.1
1785291408.109312,79.9,63.4,80.7,179.8,107.6
1785291408.17797,80.1,63.3,80.3,179.9,108.1
1785291408.2426722,80.1,63.3,80.3,179.9,108.5
1785291408.307064,80.2,63.3,80.4,179.9,108.8
1785291408.375823,80.3,63.3,80.3,179.9,109.2
1785291408.4428,80.3,63.3,80.1,180.0,109.5
1785291408.510059,80.4,63.3,79.8,180.0,110.0
1785291408.5737479,80.5,63.3,80.4,180.0,109.2
1785291408.64508,80.5,63.2,80.2,179.8,107.4
1785291408.706638,80.7,63.0,75.8,179.2,105.9
1785291408.78078,81.1,62.7,61.6,179.2,105.9
1785291408.839926,81.1,62.7,61.6,179.2,105.9
1785291408.909224,81.1,62.7,61.6,179.2,105.9
1785291408.9768362,81.1,62.7,61.6,179.2,105.9
1785291409.046227,81.1,62.7,61.6,179.2,105.9
1785291409.106773,81.1,62.7,61.6,179.2,105.9
1785291409.18074,81.1,62.7,61.6,179.2,105.9
1785291409.239836,81.1,62.7,61.6,179.2,105.9
1785291409.310792,81.1,62.7,61.6,179.2,105.9
1785291409.37443,81.1,62.7,61.6,179.2,105.9
1785291409.452638,81.1,62.7,61.6,179.2,105.9
1785291409.542911,81.1,62.7,61.6,179.2,105.9
1785291409.6112142,81.1,62.7,61.6,179.2,105.9
1785291409.675495,81.1,62.7,61.6,179.2,105.9
1785291409.7438998,81.1,62.7,61.6,179.2,105.9
1785291409.810345,81.1,62.7,61.6,179.2,105.9
1785291409.8769011,81.1,62.7,61.6,179.2,105.9
1785291409.94047,81.1,62.7,61.6,179.2,105.9
1785291410.01597,81.1,62.7,61.6,179.2,105.9
1785291410.109872,81.1,62.7,61.6,179.2,105.9
1785291410.177292,81.1,62.7,61.6,179.2,105.9
1785291410.245926,81.1,62.7,61.6,179.2,105.9
1785291410.308651,81.1,62.7,61.6,179.2,105.9
1785291410.381448,81.1,62.7,61.6,179.2,105.9
1785291410.441001,81.1,62.7,61.6,179.2,105.9
1785291410.511277,81.1,62.7,61.6,179.2,105.9
1785291410.576331,81.1,62.7,61.6,179.2,105.9
1785291410.645134,81.1,62.7,61.6,179.2,105.9
1785291410.7107892,81.1,62.7,61.6,179.2,105.9
1785291410.7773519,81.1,62.7,61.6,179.2,105.9
1785291410.845997,81.1,62.7,61.6,179.2,105.9
1785291410.908832,81.1,62.7,61.6,179.2,105.9
1785291410.9861052,81.1,62.7,61.6,179.2,105.9
1785291411.077715,81.1,62.7,61.6,179.2,105.9
1785291411.144354,81.1,62.7,61.6,179.2,105.9
1785291411.21179,81.1,62.7,61.6,179.2,105.9
1785291411.2777689,81.1,62.7,61.6,179.2,105.9
1785291411.341921,81.1,62.7,61.6,179.2,105.9
1785291411.413132,81.1,62.7,61.6,179.2,105.9
1785291411.476529,81.1,62.7,61.6,179.2,105.9
1785291411.544061,81.1,62.7,61.6,179.2,105.9
1785291411.6122172,81.1,62.7,61.6,179.2,105.9
1785291411.676343,81.1,62.7,61.6,179.2,105.9
1785291411.743849,81.1,62.7,61.6,179.2,105.9
1785291411.812525,81.1,62.7,61.6,179.2,105.9
1785291411.876836,81.1,62.7,61.6,179.2,105.9
1785291411.943578,81.1,62.7,61.6,179.2,105.9
1785291412.0152059,81.1,62.7,61.6,179.2,105.9
1785291412.073604,81.1,62.7,61.6,179.2,105.9
1785291412.152985,81.1,62.7,61.6,179.2,105.9
1785291412.2459369,81.1,62.7,61.6,179.2,105.9
1785291412.310634,81.1,62.7,61.6,179.2,105.9
1785291412.378054,81.1,62.7,61.6,179.2,105.9
1785291412.446676,81.1,62.7,61.6,179.2,105.9
1785291412.509653,81.1,62.7,61.6,179.2,105.9
1785291412.578045,81.1,62.7,61.6,179.2,105.9
1785291412.644274,81.1,62.7,61.6,179.2,105.9
1785291412.711684,81.1,62.7,61.6,179.2,105.9
1785291412.77898,81.1,62.7,61.6,179.2,105.9
1785291412.8469021,81.1,62.7,61.6,179.2,105.9
1785291412.9105122,80.3,61.6,55.6,179.2,105.9
1785291412.978682,79.8,60.4,61.0,179.2,105.9
1785291413.047787,79.9,59.0,65.1,179.2,105.9
1785291413.108774,80.1,57.7,68.6,179.2,105.9
1785291413.181021,80.5,56.5,71.1,179.2,105.9
1785291413.2448268,80.8,55.5,73.2,177.0,105.4
1785291413.311588,81.2,54.7,74.5,175.4,106.9
1785291413.37828,81.5,54.1,75.3,174.0,108.4
1785291413.447179,81.8,53.6,76.1,173.1,109.6
1785291413.511301,81.9,53.2,76.5,172.5,110.6
1785291413.579442,82.0,52.9,76.6,172.0,111.7
1785291413.6463559,82.0,52.7,76.4,171.7,112.3
1785291413.710877,81.8,52.6,75.8,171.6,112.7
1785291413.776834,81.6,52.6,74.9,171.5,112.7
1785291413.8506649,81.3,52.7,74.2,171.6,112.8
1785291413.953423,81.0,52.9,74.1,171.8,112.8
1785291414.0517251,80.7,53.0,74.0,172.1,112.9
1785291414.14796,80.3,53.2,74.9,172.4,112.8
1785291414.211571,80.0,53.3,75.9,172.6,112.7
1785291414.275458,79.8,53.3,77.0,172.8,112.7
1785291414.344762,79.5,53.4,78.2,173.0,112.7
1785291414.410366,79.4,53.4,79.4,173.2,112.8
1785291414.48252,79.4,53.4,79.8,173.5,113.0
1785291414.543293,79.4,53.4,80.3,173.9,113.3
1785291414.612931,79.5,53.4,80.3,174.4,113.4
1785291414.674465,79.9,53.4,79.9,174.8,113.6
1785291414.746351,80.0,53.4,79.6,175.2,113.7
1785291414.8122618,80.3,53.6,79.5,175.5,113.9
1785291414.882705,80.2,53.8,79.0,175.8,113.9
1785291414.9426172,80.1,54.1,79.1,176.0,113.9
1785291415.0163488,80.6,54.6,78.9,176.3,113.8
1785291415.0765598,81.7,55.6,79.6,176.5,114.0
1785291415.15414,83.4,56.7,80.7,176.6,114.1
1785291415.2493498,85.8,58.1,80.9,176.8,114.1
1785291415.3092742,87.7,59.4,80.9,176.9,114.0
1785291415.3883798,89.5,60.5,80.7,177.1,113.9
1785291415.4868321,91.0,61.4,80.7,177.6,113.9
1785291415.587178,92.1,62.0,80.9,177.9,113.9
1785291415.680407,93.1,62.5,80.6,178.1,113.9
1785291415.7452748,94.0,62.8,80.4,178.3,114.0
1785291415.8159978,94.7,63.0,80.2,178.5,114.0
1785291415.878419,95.3,63.1,79.8,178.5,114.1
1785291415.943786,95.8,63.2,79.3,178.5,114.2
1785291416.0125818,96.0,62.7,78.0,178.6,114.2
1785291416.079911,95.4,62.0,76.8,178.7,114.2
1785291416.144089,94.1,61.1,76.4,178.8,114.2
1785291416.214297,92.4,60.0,75.8,178.9,114.3
1785291416.278084,90.5,58.9,75.0,179.1,114.3
1785291416.3502111,88.5,57.7,74.5,179.1,114.3
1785291416.411917,86.8,56.6,74.5,179.0,114.4
1785291416.480177,85.3,55.7,74.8,179.0,114.4
1785291416.547613,84.2,55.0,74.7,178.9,114.4
1785291416.6124978,83.4,54.5,74.6,178.8,114.5
1785291416.6807811,82.9,54.1,74.4,178.4,114.7
1785291416.745409,82.3,53.8,74.4,178.1,114.8
1785291416.818218,81.6,53.5,74.5,177.9,114.9
1785291416.921153,81.0,53.4,74.5,177.5,114.9
1785291417.016963,80.7,53.3,74.6,177.3,115.0
1785291417.0797188,80.3,53.3,74.5,177.2,114.8
1785291417.1421828,80.0,53.3,74.5,177.1,114.8
1785291417.224997,79.8,53.4,74.4,177.0,114.8
1785291417.3176188,79.6,53.4,74.5,177.0,114.8
1785291417.3763251,79.4,53.5,74.4,177.0,114.8
1785291417.45326,79.3,53.5,74.4,177.1,114.7
1785291417.550099,78.9,53.5,74.6,177.1,114.7
1785291417.612917,78.5,53.4,75.0,177.2,114.6
1785291417.680397,78.3,53.3,75.2,177.2,114.6
1785291417.748735,78.1,53.2,75.5,177.3,114.5
1785291417.81504,78.0,53.1,75.5,177.3,114.5
1785291417.875799,77.9,52.9,75.5,177.4,114.5
1785291417.9511669,77.8,52.8,75.5,177.6,114.5
1785291418.0127192,77.9,52.6,75.8,177.6,114.5
1785291418.080333,78.1,52.5,75.8,177.6,114.4
1785291418.147763,78.3,52.4,75.8,177.6,114.5
1785291418.216382,78.3,52.3,76.0,177.6,114.4
1785291418.280946,78.3,52.1,76.1,177.6,114.4
1785291418.347202,78.2,51.7,76.0,177.7,114.5
1785291418.4156768,78.2,51.4,76.1,177.7,114.5
1785291418.478343,78.3,51.1,76.0,177.7,114.5
1785291418.552792,78.3,50.9,76.0,177.8,114.5
1785291418.611052,78.4,50.7,76.1,177.7,114.5
1785291418.683837,78.5,50.5,75.8,177.7,114.6
1785291418.746038,78.5,50.3,75.7,177.8,114.6
1785291418.81523,78.6,50.1,75.8,177.8,114.6
1785291418.8789382,78.8,49.9,75.7,177.8,114.6
1785291418.946063,78.9,49.7,75.5,178.0,114.6
1785291419.0198069,79.0,49.5,75.5,178.1,114.7
1785291419.115413,79.3,49.3,75.3,178.1,114.7
1785291419.18204,79.4,49.2,75.1,178.2,114.7
1785291419.250924,79.6,49.2,75.1,178.3,114.6
1785291419.313361,80.0,49.2,75.1,178.3,114.6
1785291419.3853672,80.4,49.2,75.0,178.3,114.5
1785291419.44675,80.9,49.2,74.9,178.4,114.6
1785291419.514286,81.6,49.2,74.9,178.4,114.6
1785291419.584703,82.4,49.2,75.0,178.4,114.7
1785291419.647994,83.4,49.2,74.9,178.5,114.7
1785291419.713563,84.5,49.3,74.8,178.5,114.7
1785291419.785323,85.5,49.4,74.5,178.7,114.7
1785291419.8473668,86.5,49.4,74.3,178.7,114.8
1785291419.9169211,87.3,49.3,73.8,178.7,114.8
1785291419.981523,88.0,49.3,73.7,178.7,114.7
1785291420.0486588,88.7,49.4,73.7,178.8,114.7
1785291420.115096,89.3,49.4,73.7,178.7,114.7
1785291420.1843798,90.2,49.4,73.5,178.7,114.6
1785291420.24751,91.1,49.5,73.4,178.7,114.6
1785291420.3196821,91.9,49.6,73.6,178.8,114.6
1785291420.424448,92.6,49.7,73.7,178.9,114.6
1785291420.514855,93.3,49.7,73.5,178.8,114.6
1785291420.581758,94.1,49.7,73.7,178.7,114.6
1785291420.649042,94.7,49.7,73.7,178.8,114.6
1785291420.715157,95.1,49.7,73.5,178.9,114.6
1785291420.785121,95.3,49.7,73.5,178.8,114.7
1785291420.848659,95.8,49.7,73.5,178.7,114.6
1785291420.91577,96.3,49.6,73.3,178.6,114.5
1785291420.9859982,97.0,49.6,72.8,178.4,114.5
1785291421.0481431,97.6,49.5,72.7,178.3,114.4
1785291421.115514,97.9,49.4,72.7,178.2,114.4
1785291421.183688,98.1,49.4,72.9,178.1,114.3
1785291421.247417,98.2,49.3,72.8,177.9,114.4
1785291421.319988,98.2,49.3,72.7,177.8,114.4
1785291421.41948,98.2,49.3,72.6,177.8,114.4
1785291421.480302,98.3,49.4,72.6,177.7,114.4
1785291421.550677,98.4,49.4,72.5,177.5,114.5
1785291421.6169658,98.4,49.4,72.5,177.4,114.5
1785291421.681118,98.5,49.5,72.5,177.3,114.5
1785291421.75329,98.4,49.5,72.4,177.3,114.5
1785291421.8136551,98.4,49.5,72.3,177.2,114.5
1785291421.882336,98.5,49.6,72.2,177.1,114.5
1785291421.9503849,98.4,49.7,72.3,177.0,114.3
1785291422.01708,98.3,49.8,72.4,176.9,114.5
1785291422.0828412,98.1,49.9,72.4,176.9,114.5
1785291422.148885,97.9,50.0,72.6,176.9,114.7
1785291422.214256,97.8,50.1,72.5,176.9,114.8
1785291422.282909,97.6,50.1,72.6,177.0,114.8
1785291422.349788,97.5,50.1,72.6,177.2,114.9
1785291422.418976,97.4,50.2,72.6,177.3,114.8
1785291422.481964,97.4,50.1,72.7,177.4,114.8
1785291422.557884,97.4,50.1,72.8,177.5,114.7
1785291422.659998,97.4,50.1,72.8,177.6,114.8
1785291422.752432,97.5,50.0,72.8,177.7,114.8
1785291422.817408,97.5,49.9,72.6,177.6,114.8
1785291422.879554,97.6,49.8,72.6,177.3,114.7
1785291422.954249,97.6,49.8,72.5,175.6,114.8
1785291423.0147352,97.6,49.7,72.6,173.1,114.9
1785291423.088224,97.6,49.7,72.6,169.7,114.9
1785291423.187741,97.5,49.7,72.8,164.7,115.2
1785291423.247753,97.4,49.7,73.2,158.9,115.5
1785291423.317121,97.1,49.8,73.5,152.5,116.0
1785291423.38444,96.7,49.9,73.3,145.4,115.4
1785291423.45049,96.2,50.0,73.6,145.4,115.4
1785291423.517015,95.7,50.1,73.8,135.5,111.8
1785291423.584459,95.3,50.1,73.5,127.5,109.2
1785291423.652134,94.9,50.1,73.5,122.6,106.9
1785291423.7168589,94.6,50.0,73.6,118.4,105.2
1785291423.7843149,94.4,50.0,73.7,115.1,105.6
1785291423.849843,94.2,50.0,73.9,111.1,108.4
1785291423.91749,94.1,50.1,73.9,107.3,106.3
1785291423.9828339,93.8,50.2,74.0,103.9,104.9
1785291424.051469,93.6,50.2,73.7,101.4,103.7
1785291424.116826,93.4,50.3,73.4,100.6,104.7
1785291424.18676,93.1,50.3,73.3,101.7,107.0
1785291424.250182,93.0,50.3,73.2,101.7,107.0
1785291424.317158,92.8,50.3,73.1,101.7,107.0
1785291424.384923,92.7,50.3,73.1,103.9,114.8
1785291424.453042,92.6,50.2,73.0,105.9,120.5
1785291424.51481,92.5,50.2,73.0,107.6,125.2
1785291424.5845141,92.5,50.2,73.0,109.3,128.3
1785291424.652061,92.4,50.2,73.0,111.0,130.3
1785291424.717437,92.4,50.2,73.0,112.8,131.9
1785291424.785949,92.4,50.2,73.1,114.7,132.7
1785291424.8494442,92.4,50.2,73.2,116.5,133.4
1785291424.9181561,92.3,50.2,73.2,118.1,133.6
1785291424.981719,92.3,50.2,73.3,119.4,133.2
1785291425.056674,92.2,50.2,73.1,120.5,132.9
1785291425.1542091,92.2,50.3,73.0,121.1,132.5
1785291425.217433,92.0,50.3,73.1,121.9,131.8
1785291425.284189,92.0,50.4,73.2,122.8,131.4
1785291425.351189,91.9,50.4,73.2,124.0,131.4
1785291425.419681,91.9,50.5,73.3,125.4,131.1
1785291425.483142,91.8,50.6,73.4,127.0,130.7
1785291425.555359,91.8,50.7,73.6,128.7,130.1
1785291425.615273,91.7,50.8,73.7,130.7,129.8
1785291425.688475,91.6,50.8,73.5,132.6,129.5
1785291425.7478259,91.5,50.8,73.5,134.4,129.0
1785291425.8235378,91.5,50.9,73.3,135.8,128.8
1785291425.9209301,91.5,50.9,73.3,137.2,128.8
1785291425.982324,91.4,50.9,73.3,138.2,128.8
1785291426.058683,91.4,51.0,73.3,139.1,128.9
1785291426.155874,91.3,51.0,73.3,139.9,129.0
1785291426.21695,91.3,51.0,73.3,140.4,129.1
1785291426.286239,91.2,51.0,73.3,140.8,129.2
1785291426.351288,91.2,51.0,72.5,141.2,129.3
1785291426.419177,91.2,51.0,70.7,141.5,129.3
1785291426.4858701,91.2,51.0,67.7,142.0,129.3
1785291426.551358,91.0,50.9,62.6,142.4,129.3
1785291426.619997,90.6,50.8,55.4,142.9,129.2
1785291426.683095,90.4,50.6,45.0,143.3,129.2
1785291426.752379,89.9,50.4,34.4,143.5,129.1
1785291426.8204658,89.6,50.1,26.6,143.8,129.0
1785291426.884149,89.3,49.8,20.8,144.1,128.9
1785291426.9535658,89.0,49.7,17.8,144.4,128.9
1785291427.018893,88.7,49.6,18.1,144.7,128.8
1785291427.0873878,88.6,49.6,20.8,145.0,128.8
1785291427.151335,88.5,49.5,25.0,145.2,128.7
1785291427.2214599,88.4,49.5,30.4,145.5,128.7
1785291427.283951,88.4,49.4,35.1,145.6,128.7
1785291427.355223,88.5,49.3,38.8,145.8,128.6
1785291427.417481,88.6,49.2,41.6,146.1,128.7
1785291427.486072,88.7,49.1,43.4,146.4,128.8
1785291427.549858,88.8,49.0,44.3,146.6,128.7
1785291427.624296,88.8,49.0,44.9,146.7,128.7
1785291427.720953,88.8,49.1,45.2,146.6,128.7
1785291427.785223,88.7,49.1,45.2,146.6,128.6
1785291427.8543308,88.6,49.2,45.2,146.7,128.6
1785291427.917852,88.5,49.4,44.8,146.7,128.5
1785291427.98471,88.3,49.5,44.8,146.7,128.5
1785291428.058326,88.2,49.6,44.7,146.8,128.6
1785291428.153006,88.0,49.6,44.6,146.9,128.5
1785291428.21967,87.8,49.8,44.6,147.1,128.5
1785291428.2854662,87.9,49.8,43.3,147.3,128.5
1785291428.3530428,87.9,49.9,42.0,147.7,128.6
1785291428.420887,87.9,49.9,40.8,148.1,128.7
1785291428.4843671,88.0,49.9,39.1,148.4,128.7
1785291428.5565681,88.0,49.9,37.2,148.6,128.6
1785291428.616808,87.9,50.0,36.5,148.7,128.6
1785291428.69381,88.0,49.9,36.3,148.8,128.6
1785291428.7911522,87.9,50.0,38.2,149.0,128.6
1785291428.849607,87.9,50.0,40.2,149.1,128.7
1785291428.919692,87.7,49.9,42.3,149.1,128.8
1785291428.984891,87.7,49.8,45.0,149.2,128.8
1785291429.059936,87.6,49.6,47.6,149.3,128.7
1785291429.151943,87.6,49.5,50.9,149.3,128.6
1785291429.221142,87.5,49.3,54.1,149.3,128.6
1785291429.286298,87.5,49.2,54.9,149.2,128.5
1785291429.3537018,87.6,48.9,51.9,149.3,128.5
1785291429.4211981,87.5,48.8,46.2,149.4,128.5
1785291429.486578,87.4,48.7,37.3,149.5,128.5
1785291429.553969,87.3,48.7,30.1,149.5,128.5
1785291429.6209269,87.3,48.7,24.5,149.5,128.5
1785291429.685754,87.4,48.6,21.7,149.4,128.6
1785291429.753876,87.5,48.6,25.9,149.3,128.7
1785291429.8200362,87.4,48.6,31.3,149.3,128.8
1785291429.886771,87.3,48.5,37.1,149.3,128.7
1785291429.954439,87.3,48.3,42.7,149.3,128.7
1785291430.02103,87.0,48.0,48.2,149.2,128.6
1785291430.085065,86.9,47.8,53.3,149.2,128.6
1785291430.155848,86.7,47.6,58.2,149.2,128.6
1785291430.219558,86.5,47.7,61.4,149.1,128.6
1785291430.2896159,86.3,47.9,63.5,149.1,128.5
1785291430.35057,86.2,48.1,64.6,149.1,128.4
1785291430.425749,86.1,48.1,65.0,149.2,128.4
1785291430.519875,86.1,48.1,65.5,149.3,128.4
1785291430.5897632,86.0,48.1,65.7,149.4,128.4
1785291430.6540658,85.9,48.0,66.3,149.6,128.4
1785291430.7208,85.8,47.9,66.6,149.6,128.5
1785291430.786797,85.7,47.9,67.2,149.6,128.5
1785291430.856409,85.6,47.8,67.8,149.7,128.6
1785291430.9193542,85.5,47.7,69.3,149.8,128.7
1785291430.98762,85.4,47.6,71.0,149.9,128.7
1785291431.0566342,85.4,47.4,72.1,150.0,128.6
1785291431.1195269,85.4,47.2,72.7,150.1,128.6
1785291431.1888168,85.4,46.9,73.2,150.2,128.5
1785291431.255272,85.5,46.5,73.1,150.2,128.5
1785291431.318944,85.6,46.2,73.1,150.3,128.6
1785291431.392132,85.7,45.9,73.1,150.3,128.6
1785291431.452595,85.9,45.4,72.4,150.5,128.7
1785291431.524291,86.1,45.1,72.4,150.7,128.7
1785291431.584547,86.3,44.7,72.1,151.0,128.6
1785291431.6606479,86.4,44.3,72.1,151.4,128.5
1785291431.7622368,86.4,44.0,72.1,152.2,128.2
1785291431.859633,86.8,43.7,71.8,153.1,127.6
1785291431.953446,87.3,43.5,71.4,154.0,126.8
1785291432.0224729,87.7,43.4,71.4,155.0,125.7
1785291432.088243,88.1,43.2,71.3,156.0,124.5
1785291432.153928,88.2,43.0,71.6,157.3,123.4
1785291432.222153,88.5,42.9,71.9,158.5,122.7
1785291432.2879932,88.6,42.7,72.0,159.6,122.1
1785291432.354928,88.8,42.5,72.3,160.5,121.8
1785291432.422724,88.8,42.4,72.4,161.3,121.4
1785291432.486945,89.0,42.2,72.1,161.8,121.3
1785291432.558628,89.0,42.3,71.9,162.2,121.0
1785291432.6190069,89.3,42.3,71.8,162.5,120.9
1785291432.689458,89.1,42.4,71.9,162.8,120.8
1785291432.754177,89.1,42.4,72.0,163.0,120.7
1785291432.823807,88.9,42.4,72.3,163.3,120.7
1785291432.887342,88.9,42.3,72.3,163.5,120.6
1785291432.954041,88.8,42.2,72.6,163.7,120.5
1785291433.023116,88.8,42.1,72.7,163.9,120.4
1785291433.088243,88.8,42.0,72.7,164.0,120.3
1785291433.155221,89.0,41.9,72.8,164.2,120.2
1785291433.223362,89.1,41.8,73.2,164.4,120.3
1785291433.2869592,89.3,41.7,73.6,164.6,120.3
1785291433.355253,89.4,41.6,73.5,164.8,120.3
1785291433.4239192,89.5,41.5,73.7,164.9,120.2
1785291433.487422,89.5,41.3,74.0,164.9,120.2
1785291433.5562859,89.6,41.2,74.1,165.0,120.1
1785291433.62271,89.6,41.1,74.4,165.1,120.0
1785291433.6889331,89.5,40.9,74.4,165.1,120.0
1785291433.7560909,89.5,40.7,74.6,165.0,120.1
1785291433.823387,89.5,40.5,74.7,164.9,120.1
1785291433.8889852,89.5,40.3,74.8,164.9,120.1
1785291433.956795,89.6,40.2,74.7,164.8,120.2
1785291434.02299,89.5,40.1,74.5,164.8,120.1
1785291434.088384,89.7,40.0,74.1,164.7,119.9
1785291434.155904,89.7,39.9,74.1,164.7,119.9
1785291434.2249768,89.8,39.8,74.2,164.9,119.8
1785291434.287376,89.9,39.8,74.3,164.9,119.8
1785291434.356204,89.9,39.7,74.3,165.1,119.8
1785291434.4239638,90.0,39.6,74.5,165.3,119.8
1785291434.489023,90.1,39.5,74.8,165.6,119.9
1785291434.556899,90.1,39.4,75.0,166.1,119.8
1785291434.621614,90.2,39.3,75.2,166.5,119.8
1785291434.69054,90.2,39.2,75.4,166.9,119.7
1785291434.7554,90.3,39.1,75.3,167.2,119.6
1785291434.824084,90.3,39.0,75.2,167.4,119.4
1785291434.887137,90.3,38.9,75.3,167.5,119.3
1785291434.9562151,90.3,38.9,75.4,167.6,119.3
1785291435.0199838,90.3,38.7,75.1,167.5,119.2
1785291435.0904472,90.4,38.7,74.9,167.5,119.1
1785291435.1559439,90.5,38.8,74.6,167.5,118.9
1785291435.226447,90.6,38.8,74.5,167.6,118.7
1785291435.285929,90.5,38.9,74.4,167.7,118.0
1785291435.364043,90.5,39.0,74.2,167.7,116.9
1785291435.460478,90.5,39.1,74.0,167.7,115.0
1785291435.558283,90.5,39.2,73.8,167.8,112.0
1785291435.622541,90.5,39.2,73.8,168.1,109.3
1785291435.691984,90.5,39.3,73.7,167.9,107.0
1785291435.7567518,90.4,39.4,73.8,168.0,105.2
1785291435.825283,90.4,39.4,73.7,168.1,103.9
1785291435.888326,90.3,39.5,73.8,168.1,102.9
1785291435.960779,90.3,39.5,73.7,168.1,102.2
1785291436.021748,90.2,39.5,73.6,168.2,101.7
1785291436.093326,90.3,39.5,73.6,168.2,101.2
1785291436.153704,90.2,39.6,73.6,168.2,100.9
1785291436.229026,90.2,39.6,73.7,168.2,100.9
1785291436.32437,90.1,39.5,73.8,168.2,100.9
1785291436.3897228,90.0,39.5,74.1,168.2,100.9
1785291436.4578218,90.0,39.4,74.6,168.2,100.9
1785291436.5223339,89.9,39.4,74.6,168.2,100.9
1785291436.593187,89.9,39.6,74.7,168.2,100.9
1785291436.658444,89.9,39.9,74.9,168.2,100.9
1785291436.723831,89.8,40.3,75.0,168.2,100.9
1785291436.7827861,89.7,40.6,75.0,168.2,100.9
1785291436.860675,89.6,41.0,75.4,168.2,100.9
1785291436.9213922,89.4,41.4,75.5,168.2,100.9
1785291436.998655,89.4,41.8,75.5,168.2,100.9
1785291437.09784,89.3,42.3,75.1,167.7,100.7
1785291437.194547,89.0,43.0,75.0,167.7,100.7
1785291437.2552588,88.8,43.8,75.2,167.3,100.5
1785291437.324377,88.7,44.6,74.8,167.0,100.4
1785291437.3907042,88.6,45.4,74.5,166.7,100.3
1785291437.4577081,88.3,46.4,74.1,166.7,100.3
1785291437.525921,88.3,47.1,73.6,166.7,100.3
1785291437.5895412,88.3,47.8,72.6,166.4,100.2
1785291437.659384,88.2,48.5,72.5,166.2,100.2
1785291437.721419,88.1,49.0,72.7,165.9,100.1
1785291437.795389,88.2,49.4,72.7,165.7,100.1
1785291437.855801,88.2,49.8,72.2,165.7,100.1
1785291437.924543,88.2,50.1,72.0,165.7,100.1
1785291437.988318,88.2,50.4,72.0,165.6,100.1
1785291438.0627332,88.2,50.6,72.1,165.6,100.1
1785291438.164487,88.4,50.8,71.9,165.6,100.1
1785291438.2617831,88.5,50.9,71.8,165.5,100.0
1785291438.320844,88.5,51.0,71.6,165.4,100.0
1785291438.3991082,88.6,51.1,71.4,165.3,100.0
1785291438.4958432,88.6,51.2,71.2,165.2,100.0
1785291438.594814,88.4,51.5,71.2,165.2,100.0
1785291438.657407,88.3,51.7,71.1,165.1,100.0
1785291438.720945,88.2,52.0,71.3,165.1,100.0
1785291438.795305,88.0,52.3,71.6,165.1,100.0
1785291438.85517,87.8,52.6,71.7,165.1,100.0
1785291438.9283772,87.6,52.8,71.9,165.1,100.0
1785291438.988401,87.4,53.1,72.1,165.1,100.0
1785291439.059493,87.3,53.3,72.2,165.1,100.0
1785291439.1227782,87.2,53.4,71.8,165.1,100.0
1785291439.195524,87.1,53.4,71.4,165.1,100.0
1785291439.2564428,87.0,53.4,71.3,165.1,100.0
1785291439.327945,86.9,53.5,71.3,165.1,100.0
1785291439.389497,86.8,53.5,71.3,165.1,100.0
1785291439.4614348,86.7,53.5,71.3,165.1,100.0
1785291439.521488,86.7,53.5,71.2,165.1,100.0
1785291439.59191,86.7,53.4,71.1,165.1,100.0
1785291439.659965,86.8,53.4,71.1,165.1,100.0
1785291439.7234392,86.7,53.4,70.9,165.1,100.0
1785291439.7918642,86.7,53.4,70.5,165.1,100.0
1785291439.860946,86.6,53.4,69.7,165.1,100.0
1785291439.92374,86.8,53.3,67.3,165.1,100.0
1785291439.993269,86.7,53.2,64.0,165.0,100.0
1785291440.057995,86.7,53.1,60.7,165.0,100.0
1785291440.12549,86.7,53.0,56.5,165.0,100.0
1785291440.1922078,86.9,52.9,51.3,165.0,100.0
1785291440.260341,86.9,52.9,45.2,165.1,100.0
1785291440.324042,87.1,52.9,39.9,165.2,100.0
1785291440.3958359,87.1,52.8,34.8,165.4,100.0
1785291440.458557,87.2,52.8,30.8,165.6,100.0
1785291440.523826,87.2,52.7,28.1,165.7,100.0
1785291440.5930219,87.3,52.7,26.8,165.9,100.0
1785291440.6590998,87.3,52.7,25.9,166.2,100.0
1785291440.724134,87.3,52.6,25.4,166.4,100.0
1785291440.794091,87.2,52.6,25.9,166.7,100.0
1785291440.8592792,87.1,52.6,27.2,166.8,100.0
1785291440.9239879,87.0,52.5,28.7,166.9,100.0
1785291440.9948318,87.0,52.4,30.4,166.9,100.0
1785291441.056981,86.9,52.4,31.7,167.0,100.0
1785291441.126838,86.9,52.3,33.2,166.9,100.0
1785291441.19039,86.9,52.3,34.2,166.8,100.0
1785291441.2625659,86.8,52.3,35.2,166.8,100.0
1785291441.3226728,86.7,52.2,35.8,166.9,100.0
1785291441.393675,86.8,52.1,36.4,166.9,100.0
1785291441.4595299,86.6,52.1,37.0,167.0,100.0
1785291441.523405,86.6,52.0,37.5,167.0,100.0
1785291441.592785,86.5,51.8,38.9,167.1,100.0
1785291441.6605902,86.3,51.7,40.1,167.3,100.0
1785291441.725506,86.1,51.7,41.5,167.3,100.0
1785291441.794591,86.0,51.6,43.5,167.4,100.0
1785291441.857138,85.8,51.5,45.2,167.4,100.0
1785291441.926631,85.7,51.3,46.9,167.5,100.0
1785291441.992026,85.8,51.0,48.3,167.5,100.0
1785291442.061197,85.9,50.7,49.6,167.5,100.0
1785291442.1243289,86.1,50.4,50.7,167.5,100.0
1785291442.193302,86.3,49.9,51.5,167.6,100.0
1785291442.258809,86.4,49.5,52.6,167.6,100.0
1785291442.3272882,86.5,49.0,54.2,167.6,100.0
1785291442.393483,86.9,48.6,55.4,167.6,100.0
1785291442.4603782,87.2,48.2,56.2,167.6,100.0
1785291442.527307,87.5,47.8,57.0,167.6,100.0
1785291442.591552,87.8,47.4,57.4,167.6,100.0
1785291442.661521,88.1,47.1,57.6,167.5,100.0
1785291442.7236931,88.3,46.8,57.5,167.5,100.0
1785291442.7941408,88.4,46.6,57.6,167.5,100.0
1785291442.861111,88.6,46.4,57.8,167.5,100.0
1785291442.925268,88.6,46.3,58.0,167.5,100.0
1785291442.9932458,88.6,46.2,58.2,167.5,100.0
1785291443.0617988,88.5,46.2,58.3,167.5,100.0
1785291443.12625,88.4,46.4,58.4,167.3,100.0
1785291443.190867,88.2,46.6,58.3,167.1,100.0
1785291443.262325,88.1,46.9,58.3,166.9,100.0
1785291443.323447,88.0,47.1,58.3,166.9,100.0
1785291443.396275,87.7,47.2,58.4,166.8,100.0
1785291443.460504,87.5,47.1,59.0,166.7,100.0
1785291443.525151,87.4,47.0,59.7,166.7,100.0
1785291443.593887,87.3,47.0,60.3,166.6,100.0
1785291443.662273,87.3,46.8,60.7,166.6,100.0
1785291443.725898,87.3,46.7,61.0,166.6,100.0
1785291443.795766,87.3,46.6,61.4,166.6,100.0
1785291443.860383,87.4,46.5,61.5,166.7,100.0
1785291443.926645,87.5,46.4,61.4,166.8,100.0
1785291443.9947531,87.5,46.4,61.3,166.8,100.0
1785291444.0621471,87.5,46.4,61.3,166.9,100.0
1785291444.126174,87.5,46.4,61.4,166.9,100.0
1785291444.19431,87.4,46.5,61.4,167.2,100.0
1785291444.263304,87.3,46.5,61.3,167.4,100.0
1785291444.326853,87.2,46.7,61.5,167.6,100.0
1785291444.394439,87.1,46.8,61.7,167.7,100.0
1785291444.4617229,87.0,46.9,61.8,167.8,100.0
1785291444.5260742,86.8,47.0,61.9,168.0,100.0
1785291444.5991051,86.7,47.0,62.0,168.2,100.0
1785291444.657522,86.7,46.9,62.3,168.4,100.0
1785291444.727356,86.6,46.8,63.0,168.5,100.0
1785291444.794784,86.6,46.7,63.4,168.7,100.0
1785291444.863759,86.6,46.6,63.6,168.6,100.0
1785291444.925392,86.5,46.5,63.7,168.6,100.0
1785291444.9990342,86.6,46.5,63.5,168.7,100.0
1785291445.057607,86.6,46.6,63.2,168.5,100.0
1785291445.132291,86.6,46.6,62.8,168.6,100.0
1785291445.230495,86.4,46.9,62.7,168.5,100.0
1785291445.293239,86.3,47.2,62.5,168.4,100.0
1785291445.361163,86.2,47.5,62.5,168.3,100.0
1785291445.428648,86.1,47.7,62.0,168.3,100.0
1785291445.493666,85.9,47.9,61.9,168.2,100.0
1785291445.5603662,85.8,48.0,61.9,168.3,100.0
1785291445.628725,85.7,48.1,62.3,168.3,100.0
1785291445.69211,85.5,48.1,62.8,168.2,100.0
1785291445.761587,85.5,48.0,63.5,168.1,100.0
1785291445.82935,85.6,47.9,64.6,168.0,100.0
1785291445.893883,85.7,47.7,65.5,168.1,100.0
1785291445.961217,85.7,47.6,66.5,168.3,100.0
1785291446.029304,85.7,47.3,67.2,168.3,100.0
1785291446.094162,85.7,47.1,68.1,168.4,100.0
1785291446.161983,85.7,46.8,68.8,168.4,100.0
1785291446.230892,85.7,46.5,69.3,168.4,100.0
1785291446.293448,85.7,46.2,69.6,168.4,100.0
1785291446.362134,85.7,45.9,70.1,168.4,100.0
1785291446.4292219,85.7,45.8,70.3,168.5,100.0
1785291446.4957771,85.7,45.6,70.4,168.5,100.0
1785291446.5605881,85.8,45.5,70.4,168.6,100.0
1785291446.630838,85.9,45.4,70.5,168.6,100.0
1785291446.6919591,85.9,45.3,70.4,168.6,100.0
1785291446.7699032,86.0,45.2,70.2,168.7,100.0
1785291446.8716302,86.1,45.2,70.5,168.8,100.0
1785291446.966014,86.1,45.1,70.5,168.9,100.0
1785291447.0272892,86.1,45.0,70.3,169.0,100.0
1785291447.093268,85.8,44.8,70.4,169.0,100.0
1785291447.165385,85.7,44.7,70.7,169.2,100.0
1785291447.2270799,85.5,44.5,71.3,169.4,100.0
1785291447.294302,85.4,44.3,71.7,169.7,100.0
1785291447.362965,85.4,44.2,72.2,169.6,100.0
1785291447.429728,85.3,44.1,72.3,169.6,100.0
1785291447.4948428,85.2,44.0,72.3,169.5,100.0
1785291447.563051,85.1,44.0,72.2,169.3,100.0
1785291447.629015,84.9,44.0,72.2,169.3,100.0
1785291447.6964722,84.8,44.0,72.2,169.3,100.0
1785291447.76174,84.7,44.0,72.3,169.2,100.0
1785291447.829824,84.5,44.0,72.4,169.2,100.0
1785291447.890125,84.2,43.9,72.5,169.3,100.0
1785291447.966183,84.1,43.8,72.8,169.6,100.0
1785291448.0267992,84.0,43.8,73.1,169.8,100.0
1785291448.097177,84.1,43.7,72.9,170.0,100.0
1785291448.160767,84.1,43.7,72.9,170.0,100.0
1785291448.229008,84.2,43.6,72.6,170.1,100.0
1785291448.2924411,84.2,43.6,72.6,169.8,100.0
1785291448.371072,84.2,43.6,72.4,169.8,100.0
1785291448.471339,84.3,43.6,72.2,169.8,100.0
1785291448.5704691,84.2,43.6,72.0,170.2,100.0
1785291448.671989,84.2,43.7,72.0,170.2,100.0
1785291448.770304,84.3,43.8,72.1,169.9,100.0
1785291448.87306,84.3,43.9,72.0,169.9,100.0
1785291448.967108,84.3,44.1,72.0,169.9,100.0
1785291449.026656,84.4,44.1,72.1,169.8,100.0
1785291449.098958,84.3,44.2,72.1,169.9,100.0
1785291449.159845,84.2,44.3,72.2,169.9,100.0
1785291449.239706,84.2,44.5,72.3,169.9,100.0
1785291449.3296058,83.9,44.9,72.4,169.8,100.0
1785291449.396598,83.7,45.2,72.5,169.7,100.0
1785291449.465757,83.4,45.6,72.4,169.7,100.0
1785291449.52757,83.0,45.9,72.5,169.8,100.0
1785291449.5956101,82.6,46.2,72.6,169.9,100.0
1785291449.66874,82.3,46.5,72.6,169.9,100.0
1785291449.762811,81.9,46.8,72.4,169.7,100.0
1785291449.8313549,81.5,47.2,72.0,169.6,100.0
1785291449.894678,81.2,47.8,72.0,169.6,100.0
1785291449.967946,80.8,48.4,71.9,169.6,100.0
1785291450.027118,80.4,49.0,72.1,169.6,100.0
1785291450.1045399,80.1,49.4,72.2,169.6,100.0
1785291450.1991732,79.9,50.1,72.2,169.2,100.0
1785291450.264426,80.0,50.7,71.5,169.0,100.0
1785291450.3289442,80.0,51.2,70.7,168.8,100.0
1785291450.400373,80.0,51.5,69.9,168.9,100.0
1785291450.461746,79.9,51.7,69.4,169.1,100.0
1785291450.533453,79.9,51.8,69.0,169.3,100.0
1785291450.594589,80.0,51.9,68.6,169.4,100.0
1785291450.666969,80.1,52.0,68.1,169.4,100.0
1785291450.727561,80.1,52.1,67.9,169.6,100.0
1785291450.806172,80.3,52.2,67.9,169.7,100.0
1785291450.905591,80.6,52.3,67.8,169.8,100.0
1785291450.998772,80.9,52.5,67.4,169.8,100.0
1785291451.063539,81.0,52.7,67.2,169.8,100.0
1785291451.134262,81.2,53.1,66.5,169.7,100.0
1785291451.194421,81.3,53.6,66.7,169.5,100.0
1785291451.268808,81.5,54.1,65.8,169.3,100.0
1785291451.3661199,81.6,54.4,64.2,169.1,100.0
1785291451.431662,81.7,54.7,62.8,168.9,100.0
1785291451.4954612,81.7,55.0,61.8,168.7,100.0
1785291451.5691352,81.6,55.3,61.1,168.3,100.0
1785291451.6275961,81.6,55.5,60.5,167.9,100.0
1785291451.6973069,81.5,55.7,59.9,167.5,100.0
1785291451.760305,81.5,56.0,60.0,167.1,100.0
1785291451.832073,81.5,56.1,59.9,166.8,100.0
1785291451.896041,81.5,56.3,59.8,166.5,100.0
1785291451.961397,81.5,56.4,59.5,166.2,100.0
1785291452.040417,81.4,56.4,59.3,166.0,100.0
1785291452.130234,81.5,56.4,59.2,165.9,100.0
1785291452.201937,81.4,56.4,59.2,165.8,100.0
1785291452.2625668,81.4,56.4,59.4,165.8,100.0
1785291452.333436,81.3,56.3,59.5,165.8,100.0
1785291452.3967,81.4,56.3,59.6,165.8,100.0
1785291452.469267,81.3,56.2,60.0,165.9,100.0
1785291452.527513,81.3,56.2,60.2,166.0,100.0
1785291452.5971441,81.2,56.2,60.5,166.2,100.0
1785291452.662348,81.3,56.2,60.7,166.5,100.0
1785291452.740201,81.2,56.1,60.9,166.7,100.0
1785291452.8318322,81.3,56.0,60.8,166.9,100.0
1785291452.898365,81.2,55.9,60.7,167.1,100.0
1785291452.9659011,81.1,55.8,60.7,167.2,100.0
1785291453.030553,81.0,55.7,60.9,167.3,100.0
1785291453.098114,80.9,55.6,60.9,167.4,100.0
1785291453.1678169,80.8,55.6,61.0,167.4,100.0
1785291453.230367,80.8,55.5,60.9,167.5,100.0
1785291453.298296,80.7,55.4,60.8,167.5,100.0
1785291453.364675,80.6,55.4,60.9,167.4,100.0
1785291453.436509,80.4,55.5,61.4,167.3,100.0
1785291453.493675,80.3,55.4,61.3,167.3,100.0
1785291453.569686,80.3,55.3,61.3,167.2,100.0
1785291453.6306062,80.3,55.3,61.4,167.2,100.2
1785291453.703605,80.2,55.2,61.6,167.1,100.8
1785291453.799875,80.2,55.2,61.6,167.1,101.7
1785291453.865681,80.2,55.0,61.6,167.1,102.8
1785291453.932066,80.1,55.0,61.9,167.1,104.1
1785291454.002928,80.0,55.0,62.3,167.2,105.3
1785291454.06254,80.1,54.9,62.3,167.2,106.6
1785291454.132569,80.1,54.9,62.6,167.2,108.0
1785291454.198674,80.1,54.9,63.1,167.1,109.2
1785291454.2689269,80.1,54.8,63.7,167.0,110.3
1785291454.330125,80.3,54.8,64.2,166.9,111.3
1785291454.4030771,80.4,54.6,64.9,166.9,112.5
1785291454.4646652,80.4,54.5,65.6,166.8,113.7
1785291454.536693,80.5,54.3,65.4,166.8,115.0
1785291454.594026,80.4,54.1,65.7,166.7,116.4
1785291454.672461,80.4,54.1,66.1,166.6,117.5
1785291454.771229,80.4,54.0,66.3,166.6,118.4
1785291454.872777,80.5,53.9,66.2,166.5,119.1
1785291454.967785,80.6,53.8,66.2,166.3,119.6
1785291455.032087,80.6,53.7,66.4,166.2,119.9
1785291455.098729,80.7,53.7,66.3,166.3,120.1
1785291455.170261,80.8,53.7,66.3,166.2,120.3
1785291455.2307122,80.7,53.7,66.4,166.2,120.4
1785291455.300768,80.8,53.8,66.3,166.2,120.5
1785291455.366529,80.7,53.8,66.6,166.2,120.5
1785291455.4327931,80.7,53.9,66.5,166.2,120.5
1785291455.500546,80.7,53.9,66.5,166.2,118.2
1785291455.566134,80.8,54.0,64.5,165.9,114.5
1785291455.637271,81.0,54.0,58.5,165.9,114.5
1785291455.694477,81.1,53.9,48.5,165.9,114.5
1785291455.770775,80.9,53.8,38.6,165.9,114.5
1785291455.830806,80.6,53.9,29.9,165.9,114.5
1785291455.903043,80.4,54.0,23.1,165.9,114.5
1785291455.96419,80.5,53.8,21.6,165.9,114.5
1785291456.039008,80.3,54.1,26.9,165.9,114.5
1785291456.1412108,79.8,54.2,33.7,165.9,114.5
1785291456.238858,79.4,54.3,39.6,165.9,114.5
1785291456.3410199,79.0,54.3,44.8,164.8,110.9
1785291456.4368799,78.8,54.3,49.1,164.1,109.1
1785291456.4977732,78.7,54.2,51.9,163.7,108.4
1785291456.567536,78.5,54.1,54.5,163.4,108.8
1785291456.6319418,78.5,53.8,56.0,163.2,109.6
1785291456.7033799,78.5,53.6,57.8,163.0,110.8
1785291456.764451,78.5,53.4,59.8,163.0,111.9
1785291456.8350751,78.5,53.1,61.3,163.0,113.1
1785291456.897405,78.6,52.8,62.5,163.1,114.2
1785291456.9712372,78.5,52.4,63.4,163.1,115.2
1785291457.031082,78.5,52.0,64.4,163.1,116.3
1785291457.103447,78.5,51.6,65.3,163.2,117.3
1785291457.164531,78.5,51.1,65.5,163.7,118.3
1785291457.238702,78.7,50.3,65.4,164.4,118.9
1785291457.335078,79.0,49.4,64.9,165.1,119.4
1785291457.40205,79.0,48.4,64.6,165.8,119.7
1785291457.468223,79.0,47.5,64.1,166.3,119.6
1785291457.5334451,79.2,46.6,64.2,166.7,119.6
1785291457.601383,79.2,45.8,64.3,167.1,119.5
1785291457.66578,79.3,45.0,64.2,167.4,119.4
1785291457.737857,79.1,44.3,64.3,167.7,119.3
1785291457.7980878,78.8,43.7,64.4,167.9,119.3
1785291457.8723788,78.5,43.0,64.5,168.0,119.2
1785291457.971021,78.2,42.5,65.0,168.2,119.2
1785291458.031657,78.1,42.1,65.4,168.4,119.0
1785291458.1042519,78.2,41.9,65.3,168.6,118.9
1785291458.1641228,78.1,41.9,65.3,168.7,118.8
1785291458.24014,78.1,41.8,65.1,168.9,118.7
1785291458.342159,77.9,41.8,65.0,169.2,118.8
1785291458.4362931,77.8,41.7,65.0,169.4,118.7
1785291458.500921,77.7,41.6,64.9,169.3,118.6
1785291458.5679958,77.6,41.4,64.7,169.3,118.4
1785291458.6328251,77.4,41.3,65.3,169.3,118.3
1785291458.705627,77.3,41.1,65.7,169.3,118.2
1785291458.764416,77.4,40.8,65.9,169.3,118.1
1785291458.840109,77.5,40.4,65.8,169.4,118.0
1785291458.938257,77.6,40.1,65.8,169.4,118.0
1785291458.997323,77.7,39.8,66.0,169.5,118.0
1785291459.077366,77.8,39.5,65.7,169.4,118.0
1785291459.169148,77.8,39.3,65.5,169.4,117.9
1785291459.235661,77.9,39.2,65.5,169.4,117.9
1785291459.298089,77.9,39.2,65.5,169.3,117.9
1785291459.372044,78.0,39.4,65.4,169.3,117.9
1785291459.433322,77.8,39.8,66.0,169.2,117.9
1785291459.502499,77.8,40.6,66.3,169.0,117.9
1785291459.56889,77.9,41.4,67.2,169.2,118.1
1785291459.636218,77.9,42.4,67.2,169.1,118.0
1785291459.700427,77.8,43.2,67.2,169.1,118.2
1785291459.769171,77.7,43.8,67.0,169.3,118.4
1785291459.8373709,77.5,44.2,66.9,169.3,118.3
1785291459.899744,77.3,44.5,66.6,169.6,118.5
1785291459.969481,76.9,44.8,66.5,169.9,118.6
1785291460.037038,76.8,45.1,66.5,170.1,118.7
1785291460.101218,76.9,45.3,66.5,170.3,118.8
1785291460.169694,77.0,45.5,66.7,170.4,118.8
1785291460.2377448,77.2,45.7,66.7,170.6,118.9
1785291460.300411,77.4,46.1,66.8,170.6,118.7
1785291460.370251,77.5,46.4,66.9,170.2,118.7
1785291460.4365811,77.7,46.7,66.9,169.8,118.6
1785291460.502816,77.7,47.2,67.1,169.2,118.5
1785291460.5681221,77.7,47.4,67.1,168.7,118.5
1785291460.63854,77.7,47.5,67.3,168.5,118.6
1785291460.698976,77.8,47.6,67.7,168.3,118.7
1785291460.7732391,78.2,47.6,68.4,168.2,118.6
1785291460.833241,78.7,47.4,68.9,168.2,118.7
1785291460.9067378,79.3,47.2,70.0,168.3,118.7
1785291461.002114,79.8,46.8,70.4,168.3,118.8
1785291461.070834,80.2,46.4,70.7,168.4,118.8
1785291461.135515,80.8,45.9,71.3,168.4,118.8
1785291461.2044318,81.4,45.3,71.8,168.4,118.7
1785291461.2686841,82.3,44.5,72.0,168.5,118.7
1785291461.336166,83.4,43.7,72.3,168.6,118.8
1785291461.402287,84.8,43.0,72.7,168.8,118.7
1785291461.470808,86.5,42.5,72.8,168.9,118.8
1785291461.536059,88.3,42.0,73.2,169.1,118.8
1785291461.602939,90.0,41.7,73.5,169.2,118.8
1785291461.6720839,91.6,41.4,73.7,169.2,118.8
1785291461.735618,93.1,41.3,74.0,169.2,119.0
1785291461.803139,94.3,41.3,74.2,169.4,119.2
1785291461.869898,95.9,41.3,74.5,169.5,119.3
1785291461.937288,97.2,41.4,74.7,169.7,119.3
1785291462.001722,98.0,41.3,74.6,169.9,119.1
1785291462.0740669,98.3,41.3,74.5,170.0,119.1
1785291462.168703,97.9,41.2,73.9,170.1,119.0
1785291462.2385159,97.0,41.0,73.8,170.0,119.0
1785291462.3020658,95.9,41.0,73.8,170.0,119.1
1785291462.371348,94.9,40.9,73.4,170.1,119.1
1785291462.436074,93.9,40.8,73.1,170.1,119.0
1785291462.5047529,92.8,40.5,72.9,170.1,119.1
1785291462.568297,91.7,40.3,72.8,170.1,119.0
1785291462.641511,90.6,40.0,72.6,170.0,118.9
1785291462.736088,89.5,39.5,72.5,169.9,118.9
1785291462.8057358,88.7,39.1,72.8,169.7,118.9
1785291462.870416,88.1,38.5,73.0,169.5,118.7
1785291462.9362218,87.7,38.0,73.6,169.3,118.6
1785291463.0043142,87.3,37.6,74.0,169.1,118.5
1785291463.0708961,87.1,37.3,74.1,168.9,118.5
1785291463.135442,86.8,36.9,74.1,168.8,118.5
1785291463.204889,86.5,36.5,74.0,168.6,118.6
1785291463.2713642,86.2,36.3,73.9,168.5,118.6
1785291463.335306,85.9,36.1,73.8,168.3,118.5
1785291463.407553,85.7,36.0,73.8,168.1,118.5
1785291463.467199,85.6,35.9,73.9,168.0,118.5
1785291463.541613,85.6,35.9,73.8,168.0,118.5
1785291463.6382349,85.5,35.8,73.6,168.0,118.4
1785291463.702591,85.4,35.7,73.4,168.0,118.3
1785291463.773952,85.3,35.7,73.4,168.0,118.2
1785291463.837551,85.1,35.7,73.4,167.9,118.1
1785291463.904574,85.1,35.6,73.3,167.7,117.4
1785291463.969704,85.0,35.6,73.2,167.8,115.8
1785291464.040679,85.1,35.8,73.4,167.8,113.8
1785291464.1002722,85.1,36.0,73.6,167.7,111.9
1785291464.174847,85.2,36.2,73.8,167.6,110.1
1785291464.234399,85.2,36.4,74.0,167.5,107.9
1785291464.306386,85.3,36.5,74.0,167.5,106.0
1785291464.369535,85.4,36.6,74.1,167.4,104.5
1785291464.4407418,85.4,36.7,74.0,167.5,103.4
1785291464.5022058,85.5,36.8,74.0,167.6,102.5
1785291464.572075,85.6,36.9,73.9,167.8,101.9
1785291464.6385448,85.5,36.9,73.7,168.2,101.4
1785291464.704106,85.4,37.0,73.6,168.4,101.1
1785291464.7698429,85.5,37.1,73.6,168.5,100.8
1785291464.8427148,85.5,37.3,73.7,168.7,100.6
1785291464.940642,85.5,37.5,73.9,168.6,100.5
1785291465.0025432,85.5,37.7,74.0,168.5,100.3
1785291465.0769632,85.8,38.0,74.0,168.4,100.3
1785291465.174009,85.8,38.4,74.5,168.3,100.2
1785291465.235467,85.7,38.8,74.6,168.2,100.1
1785291465.311871,85.6,39.2,74.8,168.1,100.1
1785291465.403848,85.4,39.7,75.2,168.0,100.1
1785291465.4732668,85.1,40.3,75.7,167.9,100.1
1785291465.537104,84.9,40.9,75.6,167.7,100.0
1785291465.608938,84.6,41.8,75.7,167.6,100.0
1785291465.670387,84.3,42.7,75.3,167.3,100.0
1785291465.7384489,84.1,43.8,75.3,167.1,100.0
1785291465.804441,83.9,44.8,75.4,167.0,100.0
1785291465.873852,83.7,45.8,75.6,167.0,100.0
1785291465.937044,83.2,46.9,75.5,166.9,100.0
1785291466.002097,82.8,47.9,75.3,166.9,100.0
1785291466.0778391,82.5,48.7,74.8,166.9,100.0
1785291466.179355,82.1,49.5,74.4,166.6,100.0
1785291466.281376,81.8,50.2,74.5,166.6,100.0
1785291466.3757088,81.7,50.8,74.4,166.5,100.0
1785291466.436703,81.5,51.3,74.0,166.3,100.0
1785291466.507464,81.4,51.7,74.0,166.2,100.0
1785291466.571388,81.3,52.1,73.8,166.0,100.0
1785291466.639658,81.3,52.5,74.3,165.9,100.0
1785291466.704913,81.3,52.9,74.5,165.8,100.0
1785291466.771886,81.2,53.2,75.0,165.7,100.0
1785291466.841402,81.1,53.7,75.2,165.6,100.0
1785291466.904502,81.0,54.2,75.6,165.5,100.0
1785291466.972619,81.0,54.6,75.8,165.4,100.0
1785291467.040264,80.9,55.1,75.5,165.4,100.0
1785291467.10434,80.8,55.4,75.0,165.4,100.0
1785291467.175786,80.7,55.8,74.6,165.1,100.0
1785291467.237532,80.6,56.1,74.5,165.0,100.0
1785291467.3093739,80.6,56.3,73.8,164.9,100.0
1785291467.3681338,80.5,56.6,73.9,164.8,100.0
1785291467.4446762,80.3,57.0,74.2,164.7,100.0
1785291467.540867,80.3,57.4,75.1,164.4,100.0
1785291467.603424,80.1,57.7,75.4,164.1,100.0
1785291467.682069,80.1,58.0,75.9,163.8,100.0
1785291467.780131,79.9,58.5,77.0,163.5,100.0
1785291467.875566,79.7,58.9,77.6,163.2,100.0
1785291467.936023,79.5,59.5,78.6,162.9,100.0
1785291468.010047,79.5,59.8,78.6,162.7,100.0
1785291468.069549,79.3,60.2,78.3,162.5,100.0
1785291468.1438332,79.3,60.3,77.7,162.4,100.0
1785291468.2021482,79.3,60.5,77.4,162.3,100.0
1785291468.27712,79.2,60.7,77.0,162.3,100.0
1785291468.33504,79.1,60.9,76.8,162.3,100.0
1785291468.406711,78.9,61.1,77.0,162.2,100.0
1785291468.472974,78.8,61.3,77.3,162.2,100.0
1785291468.5403461,78.8,61.5,77.5,162.0,100.0
1785291468.6048288,78.7,61.7,77.8,161.9,100.0
1785291468.679153,78.7,61.7,77.8,161.9,100.0
1785291468.7742631,78.7,61.9,78.1,161.8,100.0
1785291468.839832,78.8,62.1,78.2,161.7,100.0
1785291468.9069529,78.7,62.3,78.1,161.6,100.0
1785291468.973365,78.8,62.6,77.8,161.5,100.0
1785291469.042599,78.8,62.8,77.7,161.5,100.0
1785291469.10462,78.7,63.0,77.3,161.5,100.0
1785291469.175464,78.7,63.1,77.4,161.5,100.0
1785291469.240833,78.6,62.9,77.5,161.5,100.0
1785291469.306834,78.1,62.6,78.4,161.5,100.0
1785291469.373357,77.6,62.2,77.1,161.6,100.0
1785291469.440049,77.0,61.7,75.8,161.7,100.0
1785291469.506845,76.4,61.2,74.6,161.7,100.0
1785291469.570461,75.9,60.8,74.6,161.8,100.0
1785291469.646153,75.7,60.4,74.7,161.9,100.0
1785291469.741499,75.6,60.1,74.4,162.0,100.0
1785291469.805666,75.6,59.8,74.0,162.0,100.0
1785291469.875942,75.5,59.6,73.8,162.1,100.0
1785291469.93794,75.6,59.4,73.6,162.1,100.0
1785291470.0090299,75.6,59.2,73.5,162.3,100.0
1785291470.073312,75.7,58.8,73.5,162.7,100.0
1785291470.1398761,75.6,58.2,73.5,163.3,100.0
1785291470.206625,75.6,57.5,73.6,163.9,100.0
1785291470.27283,75.9,56.7,73.0,164.4,100.0
1785291470.3404548,76.0,55.8,72.7,164.7,100.0
1785291470.4063091,76.1,54.9,72.1,164.7,100.0
1785291470.476164,76.0,53.9,72.0,164.2,100.0
1785291470.5383182,76.1,52.7,71.6,163.7,100.0
1785291470.60752,76.1,51.6,71.5,163.1,100.0
1785291470.6760828,76.3,50.8,71.5,162.9,100.0
1785291470.7382998,76.4,50.1,71.7,162.9,100.0
1785291470.808021,76.5,49.6,71.8,163.2,100.0
1785291470.87362,76.6,49.2,71.7,163.4,100.0
1785291470.938258,76.7,48.8,71.3,163.5,100.0
1785291471.012147,76.7,48.7,71.0,163.6,100.0
1785291471.0716412,76.6,48.7,70.9,163.6,100.0
1785291471.1417081,76.5,48.7,70.5,163.6,100.0
1785291471.206531,76.5,48.8,70.5,163.6,100.0
1785291471.2792819,76.4,48.9,70.7,163.5,100.0
1785291471.3825421,76.3,49.1,71.1,163.3,100.0
1785291471.476575,76.4,49.2,71.1,162.8,100.0
1785291471.5379462,76.4,49.5,71.2,162.2,100.0
1785291471.6091251,76.9,49.7,65.1,161.2,100.0
1785291471.675373,76.9,49.7,65.1,161.2,100.0
1785291471.7397969,76.9,49.7,65.1,161.2,100.0
1785291471.8121831,76.9,49.7,65.1,161.2,100.0
1785291471.871478,76.9,49.7,65.1,161.2,100.0
1785291471.945164,76.9,49.7,65.1,161.2,100.0
1785291472.0053189,76.9,49.7,65.1,161.2,100.0
1785291472.075825,76.9,49.7,65.1,161.2,100.0
1785291472.1394172,76.9,49.7,65.1,161.2,100.0
1785291472.2081358,76.9,49.7,65.1,161.2,100.0
1785291472.276375,76.9,49.7,65.1,161.2,100.0
1785291472.339682,76.9,49.7,65.1,161.2,100.0
1785291472.4090948,76.9,49.7,65.1,161.2,100.0
1785291472.476087,76.9,49.7,65.1,161.2,100.0
1785291472.54065,76.9,49.7,65.1,161.2,100.0
1785291472.609159,76.9,49.7,65.1,161.2,100.0
1785291472.674911,76.9,49.7,65.1,161.2,100.0
1785291472.742799,76.9,49.7,65.1,161.2,100.0
1785291472.807071,76.9,49.7,65.1,161.2,100.0
1785291472.876152,76.9,49.7,65.1,161.2,100.0
1785291472.940001,76.9,49.7,65.1,161.2,100.0
1785291473.007658,77.5,50.4,56.4,161.2,100.0
1785291473.0776792,77.7,51.1,56.7,155.3,101.1
1785291473.139099,77.8,51.5,59.3,151.6,102.4
1785291473.207402,78.0,51.9,62.3,149.1,101.8
1785291473.2766569,78.2,52.0,64.8,147.7,101.4
1785291473.342698,78.2,52.0,66.8,146.9,101.0
1785291473.408491,78.2,52.1,66.4,145.6,100.8
1785291473.474735,78.2,52.1,66.4,145.6,100.8
1785291473.541174,78.2,52.1,66.4,145.6,100.8
1785291473.606632,78.2,52.1,66.4,145.6,100.8
1785291473.677783,78.2,52.1,66.4,145.6,100.8
1785291473.739787,78.2,52.1,66.4,145.6,100.8
1785291473.8085408,78.2,52.1,66.4,145.6,100.8
1785291473.8776839,78.2,52.1,66.4,145.6,100.8
1785291473.93997,78.2,52.1,66.4,145.6,100.8
1785291474.0089102,78.2,52.1,66.4,145.6,100.8
1785291474.076725,78.2,52.1,66.4,145.6,100.8
1785291474.140655,78.2,52.1,66.4,145.6,100.8
1785291474.2068,78.2,52.1,66.4,145.6,100.8
1785291474.277654,78.2,52.1,66.4,145.6,100.8
1785291474.339983,78.2,52.1,66.4,145.6,100.8
1785291474.409011,78.2,52.1,66.4,145.6,100.8
1785291474.477077,78.2,52.1,66.4,145.6,100.8
1785291474.542315,78.2,52.1,66.4,145.6,100.8
1785291474.609691,78.2,52.1,66.4,145.6,100.8
1785291474.6777742,78.2,52.1,66.4,145.6,100.8
1785291474.741972,78.2,52.1,66.4,145.6,100.8
1785291474.808583,78.2,52.1,66.4,145.6,100.8
1785291474.88138,78.9,51.2,54.0,145.6,100.8
1785291474.984239,79.1,50.6,53.2,145.6,100.8
1785291475.0856152,79.4,50.0,56.7,145.6,100.8
1785291475.18399,79.6,49.4,61.2,145.3,101.8
1785291475.285917,79.9,49.0,64.4,145.3,101.3
1785291475.380034,80.0,48.7,67.0,145.3,101.3
1785291475.441082,80.0,48.4,69.0,145.3,101.0
1785291475.513355,80.1,48.2,70.7,145.3,100.7
1785291475.573589,80.3,48.0,72.0,145.5,101.6
1785291475.648445,80.3,47.9,73.3,145.7,103.0
1785291475.742688,80.4,47.7,74.1,145.9,104.6
1785291475.8114078,80.5,47.5,74.4,146.4,106.2
1785291475.878706,80.6,47.4,74.7,146.8,107.6
1785291475.941528,80.7,47.3,75.0,147.2,108.9
1785291476.011094,80.7,47.2,75.3,147.4,110.0
1785291476.076637,80.7,47.1,75.9,147.4,110.8
1785291476.1432178,80.9,46.8,76.2,147.5,111.4
1785291476.2093399,81.3,46.6,76.4,147.6,111.7
1785291476.2789629,81.9,46.3,76.7,147.6,112.1
1785291476.342179,82.9,46.1,76.7,147.5,112.4
1785291476.412619,83.9,45.9,76.5,147.4,112.5
1785291476.475969,84.8,45.8,76.3,147.3,112.5
1785291476.5475168,85.5,45.7,75.8,147.0,112.6
1785291476.6054049,86.2,45.6,75.5,146.9,112.4
1785291476.683382,86.7,45.8,75.5,146.7,112.6
1785291476.78481,87.0,45.9,75.6,146.5,112.4
1785291476.878537,87.1,46.0,75.7,146.4,112.2
1785291476.943027,87.0,46.1,75.8,146.3,112.0
1785291477.0116968,86.3,46.2,75.9,146.3,112.0
1785291477.079232,85.4,46.1,75.6,146.4,112.0
1785291477.142486,84.2,46.1,75.4,146.5,112.1
1785291477.210599,83.0,46.0,75.1,146.6,112.1
1785291477.279053,81.8,45.9,75.5,146.7,112.2
1785291477.345021,80.6,45.7,75.5,146.9,112.2
1785291477.40996,79.5,45.5,75.7,147.0,112.2
1785291477.4796531,78.6,45.3,76.1,147.0,112.1
1785291477.542439,77.8,45.2,76.9,147.2,112.1
1785291477.610964,77.3,45.0,77.9,147.3,112.1
1785291477.678884,76.8,44.6,78.0,147.5,111.9
1785291477.7443671,76.2,44.2,77.8,147.7,112.0
1785291477.811689,75.5,43.9,77.6,147.9,111.9
1785291477.877764,75.1,43.7,77.8,148.0,111.9
1785291477.94266,74.9,43.7,78.4,148.1,111.9
1785291478.011828,74.9,43.8,78.6,148.3,111.7
1785291478.079288,75.0,44.0,78.8,148.3,111.8
1785291478.143105,75.4,44.6,79.2,148.4,111.9
1785291478.213216,76.1,45.4,73.7,148.4,111.8
1785291478.2772968,77.0,46.1,60.4,148.4,111.7
1785291478.34378,77.5,46.9,47.8,148.3,111.8
1785291478.410965,77.7,47.6,36.8,148.4,111.6
1785291478.47805,78.0,48.0,27.6,148.4,111.7
1785291478.545248,78.3,48.3,20.7,148.6,111.6
1785291478.609643,78.2,48.5,15.5,148.8,111.5
1785291478.678478,78.2,48.7,12.4,148.9,111.5
1785291478.744395,78.1,48.9,13.0,148.9,111.4
1785291478.8116758,77.6,49.0,16.6,148.9,111.5
1785291478.878641,77.3,49.0,22.1,148.8,111.5
1785291478.943609,77.0,49.0,27.8,148.8,111.6
1785291479.012098,76.6,49.1,33.1,148.7,111.7
1785291479.0778081,76.4,49.1,37.5,148.5,111.8
1785291479.145041,76.4,49.1,41.4,148.3,111.9
1785291479.211148,76.5,49.0,44.5,148.3,112.0
1785291479.278831,76.7,49.0,46.5,148.3,111.9
1785291479.3437319,76.8,48.9,48.2,148.3,111.9
1785291479.415104,76.9,48.9,49.5,148.3,112.0
1785291479.47668,77.0,48.8,50.3,148.3,112.0
1785291479.5435882,77.0,48.8,51.3,148.2,112.0
1785291479.609129,77.1,48.8,52.4,148.2,111.9
1785291479.683588,77.0,48.8,53.7,148.1,111.9
1785291479.785262,77.1,48.7,54.3,148.0,111.9
1785291479.878826,77.1,48.7,54.7,148.0,111.8
1785291479.944011,77.2,48.6,55.2,148.1,111.8
1785291480.014657,77.2,48.5,55.6,148.1,111.8
1785291480.0784252,77.1,48.5,56.0,148.1,111.8
1785291480.144614,77.0,48.5,57.0,148.2,111.8
1785291480.2098129,76.9,48.4,57.6,148.2,111.8
1785291480.2881222,76.9,48.3,58.6,148.2,111.7
1785291480.382636,76.6,48.1,60.0,148.1,111.7
1785291480.4437351,76.3,48.0,61.2,148.0,111.7
1785291480.510119,76.1,47.8,62.4,148.1,111.7
1785291480.581596,76.0,47.6,63.3,148.1,111.6
1785291480.644044,76.1,47.3,63.4,148.2,111.5
1785291480.716605,76.2,47.1,62.1,148.2,111.5
1785291480.775087,76.4,46.9,60.8,148.1,111.6
1785291480.84541,76.6,46.8,60.1,148.2,111.5
1785291480.911252,76.7,46.6,59.9,148.4,111.5
1785291480.9788978,77.0,46.5,60.7,148.4,111.5
1785291481.047464,77.6,46.5,62.4,148.6,111.5
1785291481.111277,78.8,46.5,64.4,148.7,111.5
1785291481.1809652,80.7,46.6,66.2,148.9,111.5
1785291481.247155,83.1,46.7,67.1,149.0,111.6
1785291481.313195,85.6,46.6,67.7,149.1,111.5
1785291481.378901,87.9,46.7,68.8,149.2,111.5
1785291481.447262,90.0,46.6,69.4,149.1,111.6
1785291481.511544,91.9,46.4,70.0,149.0,111.6
1785291481.578915,93.3,46.2,70.7,148.8,111.6
1785291481.6498592,94.6,46.0,71.0,148.7,111.6
1785291481.7073889,96.1,45.6,71.0,148.7,111.5
1785291481.780116,97.4,45.2,70.5,148.7,111.5
1785291481.846721,98.6,44.9,70.1,148.6,111.4
1785291481.910591,99.5,44.7,70.0,148.6,111.3
1785291481.986505,100.2,44.6,70.6,148.6,111.2
1785291482.0850618,100.9,44.5,70.6,148.7,111.2
1785291482.188213,101.4,44.4,70.2,148.7,111.2
1785291482.290103,101.3,44.4,70.0,148.6,111.1
1785291482.3876219,99.9,44.5,70.9,148.4,111.0
1785291482.48193,97.2,44.6,71.0,148.2,111.0
1785291482.545503,94.2,44.7,72.0,148.1,111.0
1785291482.6132102,91.2,44.7,72.7,148.0,111.0
1785291482.6777909,88.6,44.7,73.2,148.1,111.0
1785291482.7519412,86.5,44.8,73.8,148.3,110.9
1785291482.8491142,85.4,44.8,74.5,148.6,110.9
1785291482.913574,85.5,44.8,74.5,149.0,111.0
1785291482.978118,86.8,44.7,73.9,149.3,111.0
1785291483.045651,88.8,44.7,73.7,149.6,111.1
1785291483.1143832,90.8,44.4,73.0,149.7,111.3
1785291483.1810088,92.3,44.2,72.8,149.7,111.4
1785291483.248827,93.4,43.9,72.1,149.7,111.6
1785291483.313635,93.9,43.6,71.7,149.8,111.6
1785291483.3808992,94.2,43.3,71.4,150.2,111.7
1785291483.448606,94.2,43.0,71.4,150.3,111.9
1785291483.512457,94.0,42.8,71.5,150.6,111.8
1785291483.5834339,93.7,42.7,71.5,150.9,111.6
1785291483.646842,93.1,42.6,71.5,151.1,111.6
1785291483.714484,92.4,42.4,71.7,151.3,111.5
1785291483.7799659,92.0,42.4,72.1,151.6,111.4
1785291483.849121,92.2,42.4,72.4,151.6,111.5
1785291483.91264,92.7,42.4,72.5,151.8,111.5
1785291483.982809,93.6,42.5,72.4,151.9,111.5
1785291484.046628,94.5,42.6,72.9,152.1,111.4
1785291484.1158662,95.3,42.7,72.9,152.1,111.5
1785291484.180948,96.1,42.8,73.3,152.3,111.5
1785291484.250368,96.9,43.0,73.3,152.4,111.4
1785291484.311512,97.6,43.3,73.7,152.5,111.3
1785291484.38391,98.4,43.6,73.9,152.4,111.3
1785291484.4461482,99.1,43.8,73.7,152.2,111.2
1785291484.5181718,99.7,44.0,73.7,152.2,111.1
1785291484.578069,100.4,44.2,74.3,152.2,111.0
1785291484.647443,100.9,44.2,74.6,152.1,111.0
1785291484.718178,101.5,44.2,75.3,152.2,110.9
1785291484.776742,102.3,44.3,76.2,152.0,110.9
1785291484.8527842,103.5,44.2,76.0,151.9,110.8
1785291484.95073,105.3,44.3,76.5,151.9,110.9
1785291485.012623,107.3,44.3,76.1,151.8,110.9
1785291485.0873768,108.4,44.5,75.9,151.8,111.0
1785291485.189972,108.1,44.7,74.7,151.6,111.1
1785291485.290497,106.9,45.3,73.9,151.4,111.1
1785291485.388407,105.2,45.9,73.1,151.4,111.1
1785291485.485652,103.7,46.7,73.2,151.4,111.1
1785291485.543245,102.6,47.7,74.0,151.5,111.1
1785291485.6162891,101.7,48.5,74.0,151.6,111.0
1785291485.6812532,101.0,49.4,73.7,151.7,110.9
1785291485.748854,100.4,50.1,73.4,151.8,110.9
1785291485.8145988,99.9,50.7,73.1,151.9,110.8
1785291485.883403,99.4,51.2,73.3,151.9,110.8
1785291485.947368,99.1,51.6,73.2,151.9,110.8
1785291486.019319,98.8,51.9,73.1,151.9,110.9
1785291486.0785458,98.6,52.1,72.9,152.0,110.8
1785291486.1538801,98.5,52.3,72.8,152.1,110.8
1785291486.2542531,98.3,52.3,73.1,152.1,110.7
1785291486.353207,97.8,52.1,73.3,152.1,110.7
1785291486.4509661,97.3,51.8,73.6,152.1,110.6
1785291486.5125918,96.9,51.4,74.1,152.0,110.6
1785291486.586147,96.8,51.0,74.6,151.9,110.7
1785291486.646584,96.7,50.8,75.1,151.8,110.8
1785291486.713742,96.7,50.4,75.4,151.5,110.8
1785291486.78645,96.5,49.8,75.6,151.2,110.8
1785291486.845957,96.3,49.0,75.3,151.0,110.8
1785291486.914939,95.9,48.2,75.6,150.8,110.8
1785291486.985207,95.4,47.3,75.1,150.6,110.7
1785291487.0471108,95.0,46.5,74.8,150.3,110.8
1785291487.119453,94.4,45.8,74.9,150.0,111.0
1785291487.18031,93.9,45.1,74.8,149.8,111.1
1785291487.254344,93.6,44.5,75.0,149.7,111.0
1785291487.3511128,93.3,44.2,75.0,149.7,111.0
1785291487.416493,92.9,44.2,75.3,149.7,111.0
1785291487.484007,92.6,44.1,75.2,149.6,110.9
1785291487.5491352,92.1,44.3,75.8,149.6,111.0
1785291487.617697,91.6,44.3,75.7,149.6,110.9
1785291487.6819189,91.2,44.4,75.5,149.6,111.0
1785291487.7496908,90.7,44.6,74.6,149.7,111.1
1785291487.814075,90.4,44.8,73.4,149.9,111.0
1785291487.888077,90.0,45.1,72.9,150.1,111.0
1785291487.987513,89.7,45.2,71.9,150.3,110.9
1785291488.045737,89.5,45.2,71.1,150.4,110.9
1785291488.120459,89.5,45.2,70.4,150.5,110.9
1785291488.179521,89.3,45.2,70.4,150.7,110.9
1785291488.2555132,89.3,45.1,70.4,150.8,110.9
1785291488.357428,89.4,45.1,70.4,150.8,110.8
1785291488.451829,89.4,45.1,70.4,150.8,110.8
1785291488.513134,89.5,45.0,70.1,150.8,110.8
1785291488.587285,89.5,45.0,70.0,150.8,110.9
1785291488.646632,89.3,44.9,70.2,150.9,110.9
1785291488.7213938,89.0,44.6,70.4,151.0,111.0
1785291488.8210208,88.6,44.4,71.1,151.1,111.0
1785291488.881301,88.3,44.4,71.8,151.2,111.0
1785291488.949426,88.2,44.4,72.3,151.3,111.0
1785291489.0182028,88.4,44.4,72.4,151.2,112.0
1785291489.083389,88.7,44.3,72.5,151.3,113.7
1785291489.153095,88.9,44.3,72.5,151.6,115.8
1785291489.211274,89.0,44.2,72.4,152.3,117.8
1785291489.289254,89.2,44.1,72.4,152.7,119.7
1785291489.386513,89.4,44.0,72.1,153.1,121.7
1785291489.448745,89.6,44.0,72.0,153.4,122.9
1785291489.516926,89.7,43.9,71.8,153.5,123.8
1785291489.5847528,89.8,43.9,72.0,153.6,124.6
1785291489.649317,89.9,43.8,72.0,153.5,125.2
1785291489.717178,90.0,43.8,72.1,153.5,125.7
1785291489.7830532,90.0,43.8,72.0,153.6,126.3
1785291489.85499,90.1,43.8,71.9,153.7,126.6
1785291489.953282,90.1,43.7,71.7,153.9,126.7
1785291490.013618,90.1,43.8,71.7,154.3,126.6
1785291490.0936918,90.0,43.8,71.9,154.6,126.5
1785291490.18667,89.9,43.8,71.7,155.0,126.5
1785291490.2506418,89.7,43.8,71.6,155.2,126.5
1785291490.3158588,89.6,43.8,71.8,155.4,126.7
1785291490.39384,89.5,43.7,71.6,155.3,126.8
1785291490.4866638,89.5,43.7,71.6,155.2,126.8
1785291490.548956,89.4,43.6,71.6,155.1,126.8
1785291490.622611,89.4,43.6,71.7,155.1,126.7
1785291490.68095,89.3,43.6,71.8,154.9,126.5
1785291490.753558,89.3,43.6,71.8,154.8,126.5
1785291490.813955,89.1,43.6,71.9,154.8,126.5
1785291490.8892941,88.9,43.5,71.9,154.9,126.4
1785291490.991885,88.7,43.4,72.2,155.0,126.3
1785291491.089461,88.5,43.0,72.5,155.2,126.1
1785291491.18764,88.4,42.5,72.6,155.3,126.0
1785291491.2499928,88.3,41.9,72.7,155.3,126.0
1785291491.318336,88.3,41.2,72.8,155.4,125.9
1785291491.3845031,88.4,40.5,72.8,155.5,125.8
1785291491.452519,88.6,40.0,73.3,155.5,125.8
1785291491.5172968,88.8,39.5,73.7,155.6,125.7
1785291491.584357,88.9,39.0,73.9,155.7,125.7
1785291491.6519098,88.9,38.6,74.2,155.7,125.7
1785291491.718775,89.1,38.2,74.4,155.7,125.7
1785291491.784894,89.1,37.9,74.7,155.8,125.6
1785291491.852971,89.2,37.6,74.5,155.8,125.5
1785291491.9182348,89.2,37.4,74.6,155.8,125.5
1785291491.985775,89.2,37.2,74.2,155.8,125.5
1785291492.052219,89.3,37.2,74.1,155.8,125.5
1785291492.1168551,89.3,37.2,74.0,155.8,125.5
1785291492.1857421,89.3,37.2,73.8,155.7,125.2
1785291492.253459,89.2,37.4,73.7,155.6,124.7
1785291492.315318,89.1,37.5,73.6,155.3,124.0
1785291492.3892322,89.0,37.8,73.6,154.9,123.2
1785291492.449308,88.9,38.2,73.6,154.7,122.5
1785291492.518534,88.8,38.5,73.2,154.6,121.7
1785291492.585022,88.5,38.9,73.2,154.8,120.1
1785291492.6535192,88.2,39.2,73.1,154.9,118.9
1785291492.7163541,87.9,39.5,73.4,155.0,117.8
1785291492.7896068,87.7,39.7,73.1,155.0,117.1
1785291492.848939,87.6,39.9,73.0,155.1,116.1
1785291492.9186602,87.4,40.0,72.8,155.3,115.0
1785291492.9875278,87.3,40.2,72.8,155.1,113.5
1785291493.05125,87.2,40.2,72.7,155.0,112.0
1785291493.1188421,87.2,40.3,72.6,155.0,110.5
1785291493.185994,87.2,40.3,72.3,154.7,109.2
1785291493.253205,87.2,40.4,72.3,154.4,107.9
1785291493.317455,87.2,40.4,72.0,154.0,106.7
1785291493.390473,87.1,40.4,71.9,153.7,105.6
1785291493.4957929,87.2,40.4,71.9,153.5,104.4
1785291493.5929961,87.1,40.4,71.8,153.5,103.3
1785291493.694249,87.0,40.4,71.9,153.6,102.5
1785291493.790057,86.9,40.4,71.9,153.7,101.9
1785291493.849532,86.8,40.3,72.0,153.9,101.4
1785291493.923847,86.7,40.3,72.0,154.0,101.0
1785291494.0272179,86.6,40.3,71.9,154.0,100.8
1785291494.1224692,86.6,40.3,72.0,153.9,100.6
1785291494.182067,86.5,40.5,72.2,153.7,100.4
1785291494.253786,86.5,40.7,72.4,153.6,100.3
1785291494.318035,86.5,41.0,72.6,153.5,100.2
1785291494.388614,86.4,41.3,72.8,153.4,100.2
1785291494.453558,86.2,41.7,73.1,153.4,100.1
1785291494.517744,86.2,42.2,73.2,153.2,100.1
1785291494.590941,85.9,42.9,73.2,153.1,100.1
1785291494.649379,85.9,44.0,73.7,153.0,100.1
1785291494.724154,85.9,45.1,74.2,152.8,100.0
1785291494.8275268,85.7,46.5,75.3,152.7,100.0
1785291494.922094,85.5,47.6,75.3,152.5,100.0
1785291494.9834769,85.3,48.4,74.4,152.4,100.0
1785291495.058173,85.2,49.2,74.1,152.5,100.0
1785291495.160521,84.9,50.1,74.4,152.7,100.0
1785291495.2631721,84.8,50.8,73.9,152.6,100.0
1785291495.360309,84.6,51.6,73.8,152.6,100.0
1785291495.453414,84.5,52.2,73.3,152.5,100.0
1785291495.519634,84.4,52.7,72.8,152.4,100.0
1785291495.586495,84.2,53.2,72.5,152.4,100.0
1785291495.654405,84.0,53.6,72.2,152.3,100.0
1785291495.721022,83.8,54.0,72.5,152.2,100.0
1785291495.7850509,83.7,54.2,72.3,152.1,100.0
1785291495.859052,83.4,54.6,72.5,152.0,100.0
1785291495.956704,83.3,54.8,72.5,151.9,100.0
1785291496.017903,83.2,55.1,72.5,151.8,100.0
1785291496.0934982,83.0,55.4,72.9,151.7,100.0
1785291496.187449,82.9,55.6,72.9,151.5,100.0
1785291496.256225,82.8,55.8,73.2,151.4,100.0
1785291496.319167,82.8,55.9,73.0,151.3,100.0
1785291496.386662,82.7,56.0,72.9,151.2,100.0
1785291496.454955,82.6,56.1,73.0,151.1,100.0
1785291496.520461,82.6,56.3,73.1,151.0,100.0
1785291496.588144,82.5,56.5,73.2,151.0,100.0
1785291496.654219,82.5,56.8,73.5,150.9,100.0
1785291496.720396,82.4,57.1,73.9,150.8,100.0
1785291496.786465,82.3,57.4,74.2,150.8,100.0
1785291496.853141,82.2,57.7,74.6,150.8,100.0
1785291496.921034,82.1,58.1,75.2,150.7,100.0
1785291496.9857621,81.8,58.5,75.5,150.8,100.0
1785291497.060055,81.7,58.8,75.7,150.9,100.0
1785291497.153253,81.5,59.1,75.6,151.1,100.0
1785291497.2217548,81.3,59.3,75.9,151.2,100.0
1785291497.289129,81.1,59.6,76.7,151.3,100.0
1785291497.35327,81.0,59.8,77.1,151.5,100.0
1785291497.421488,81.0,59.9,76.8,151.5,100.0
1785291497.488312,80.9,60.0,76.4,151.6,100.0
1785291497.55373,80.9,60.2,76.6,151.6,100.0
1785291497.621017,80.9,60.4,76.1,151.6,100.0
1785291497.690342,81.0,60.5,75.4,151.5,100.0
1785291497.7529159,81.0,60.7,75.2,151.5,100.0
1785291497.8227699,81.1,60.9,75.3,151.4,100.0
1785291497.887435,81.0,61.2,75.7,151.3,100.0
1785291497.954935,81.1,61.4,75.2,151.3,100.0
1785291498.020897,81.2,61.4,74.2,151.3,100.0
1785291498.089597,81.4,61.4,73.3,151.3,100.0
1785291498.153732,81.5,61.5,72.6,151.4,100.0
1785291498.221251,81.5,61.5,71.7,151.5,100.0
1785291498.290449,81.5,61.6,71.7,151.4,100.0
1785291498.353678,81.4,61.9,72.1,151.4,100.0
1785291498.420736,81.2,62.4,73.8,151.3,100.0
1785291498.4918709,81.1,62.7,74.2,151.2,100.0
1785291498.5516539,81.0,62.9,74.0,151.2,100.0
1785291498.626233,80.9,63.0,74.1,151.2,100.0
1785291498.684457,81.0,63.0,73.6,151.3,100.0
1785291498.759244,81.0,62.9,73.1,151.4,100.0
1785291498.818332,80.9,62.8,70.5,151.4,100.0
1785291498.8939211,81.2,62.6,65.9,151.4,100.0
1785291498.987699,81.5,62.3,60.3,151.5,100.0
1785291499.0574248,81.7,62.0,54.2,151.5,100.0
1785291499.120308,82.1,61.7,46.6,151.7,100.0
1785291499.188951,82.4,61.5,36.7,151.7,100.0
1785291499.256008,82.6,61.4,29.2,151.7,100.0
1785291499.3217332,82.7,61.3,21.9,151.7,100.0
1785291499.389726,82.7,61.2,16.4,151.7,100.0
1785291499.4548821,82.7,61.1,12.3,151.8,100.0
1785291499.521931,82.6,61.1,12.2,151.9,100.0
1785291499.5889611,82.4,60.9,15.9,151.9,100.0
1785291499.6560042,82.3,60.8,19.7,151.8,100.0
1785291499.722516,82.0,60.8,24.2,151.9,100.0
1785291499.789189,81.6,60.7,27.1,151.8,100.0
1785291499.857281,81.1,60.8,30.1,151.8,100.0
1785291499.921126,80.8,60.8,32.4,151.8,100.0
1785291499.9890869,80.4,60.9,34.7,151.9,100.0
1785291500.056812,80.2,60.9,36.3,151.9,100.0
1785291500.120964,80.0,60.9,37.7,152.0,100.0
1785291500.190185,79.9,60.9,38.9,152.0,100.0
1785291500.25747,79.9,60.8,39.7,152.1,100.0
1785291500.320309,79.8,60.8,41.0,152.1,100.0
1785291500.392908,79.6,60.6,41.8,152.2,100.0
1785291500.4524758,79.5,60.5,42.6,152.2,100.0
1785291500.526217,79.4,60.4,43.4,152.4,100.0
1785291500.586658,79.5,60.2,44.4,152.4,100.0
1785291500.6615858,79.6,60.0,45.8,152.6,100.0
1785291500.755949,79.5,59.5,47.6,152.9,100.0
1785291500.824082,79.5,58.9,48.8,152.9,100.0
1785291500.889766,79.6,58.2,50.0,152.9,100.0
1785291500.953762,79.7,57.5,51.2,152.9,100.0
1785291501.02386,79.9,56.7,51.9,152.9,100.0
1785291501.0898612,80.2,55.9,52.4,153.1,100.0
1785291501.156152,80.4,55.2,53.2,153.3,100.0
1785291501.221843,80.5,54.4,53.9,153.6,100.0
1785291501.290695,80.8,53.6,54.3,154.0,100.0
1785291501.355187,81.0,52.6,54.4,154.2,100.0
1785291501.422626,81.1,51.9,55.3,154.4,100.0
1785291501.491057,81.3,51.1,55.8,154.5,100.0
1785291501.556402,81.7,50.2,55.7,154.6,100.0
1785291501.62383,82.0,49.5,55.5,154.8,100.0
1785291501.690261,82.1,49.0,55.5,155.1,100.0
1785291501.755819,82.2,48.5,55.7,155.3,100.0
1785291501.826279,82.3,48.0,55.7,155.6,100.0
1785291501.8875232,82.2,47.6,55.6,155.8,100.0
1785291501.959342,82.3,47.2,55.7,155.9,100.0
1785291502.020749,82.4,46.8,55.8,156.1,100.0
1785291502.0930848,82.3,46.4,55.8,156.2,100.0
1785291502.1527941,82.4,46.1,55.8,156.3,100.0
1785291502.2246778,82.4,45.9,55.8,156.3,100.0
1785291502.2890759,82.4,45.7,55.7,156.3,100.0
1785291502.3558059,82.5,45.6,55.8,156.5,101.2
1785291502.422694,82.4,45.5,56.2,156.7,103.4
1785291502.4917219,82.2,45.5,57.0,156.9,105.6
1785291502.555413,82.1,45.5,58.3,157.1,107.9
1785291502.624594,82.0,45.6,59.6,157.2,109.6
1785291502.6894531,81.9,45.6,60.4,157.4,111.0
1785291502.75666,81.9,45.7,60.8,157.5,112.0
1785291502.824522,81.9,45.7,61.1,157.6,112.6
1785291502.890527,81.9,45.7,61.2,157.7,113.1
1785291502.956336,81.9,45.8,61.5,157.9,113.3
1785291503.026005,82.0,45.8,61.6,158.0,114.0
1785291503.0895932,82.0,45.9,62.2,157.9,115.5
1785291503.158035,82.0,45.9,63.5,157.9,117.6
1785291503.2227461,82.1,45.9,65.2,157.9,119.9
1785291503.290078,82.2,45.9,67.0,157.9,121.9
1785291503.356529,82.4,46.0,68.6,157.5,123.7
1785291503.423351,82.5,46.0,69.5,156.9,125.0
1785291503.493034,82.5,46.2,69.7,156.3,125.9
1785291503.5554738,82.6,46.3,69.5,155.2,125.5
1785291503.6250381,82.7,46.6,68.8,153.9,123.5
1785291503.691626,82.6,46.7,64.5,152.4,119.0
1785291503.756448,82.8,46.8,56.9,150.3,114.6
1785291503.8258119,82.8,46.9,44.0,147.8,111.0
1785291503.889905,82.8,46.9,44.0,147.8,111.0
1785291503.9567611,82.8,46.9,44.0,147.8,111.0
1785291504.028234,82.8,46.9,44.0,147.8,111.0
1785291504.088696,82.8,46.9,44.0,147.8,111.0
1785291504.162045,82.8,46.9,44.0,147.8,111.0
1785291504.2199411,82.8,46.9,44.0,147.8,111.0
1785291504.2934358,82.8,46.9,44.0,147.8,111.0
1785291504.355598,82.8,46.9,44.0,147.8,111.0
1785291504.426194,82.8,46.9,44.0,147.8,111.0
1785291504.488726,82.8,46.9,44.0,147.8,111.0
1785291504.562165,82.8,46.9,44.0,147.8,111.0
1785291504.620018,82.8,46.9,44.0,147.8,111.0
1785291504.692203,82.8,46.9,44.0,147.8,111.0
1785291504.756552,82.8,46.9,44.0,147.8,111.0
1785291504.828254,82.8,46.9,44.0,147.8,111.0
1785291504.888679,82.8,46.9,44.0,147.8,111.0
1785291504.961483,82.8,46.9,44.0,147.8,111.0
1785291505.0213828,82.8,46.9,44.0,147.8,111.0
1785291505.095726,82.8,46.9,44.0,147.8,111.0
1785291505.19564,82.8,46.9,44.0,147.8,111.0
1785291505.2540731,82.8,46.9,44.0,147.8,111.0
1785291505.3275871,82.8,46.9,44.0,147.8,111.0
1785291505.389385,82.8,46.9,44.0,147.8,111.0
1785291505.459401,82.8,46.9,44.0,147.8,111.0
1785291505.521922,82.8,46.9,44.0,147.8,111.0
1785291505.5918689,82.8,46.9,44.0,147.8,111.0
1785291505.657588,82.8,46.9,44.0,147.8,111.0
1785291505.723225,82.8,46.9,44.0,147.8,111.0
1785291505.794386,82.8,46.9,44.0,147.8,111.0
1785291505.855731,83.5,47.0,33.0,147.8,111.0
1785291505.929138,84.2,47.0,26.0,147.8,111.0
1785291505.988189,84.8,47.0,21.4,147.8,111.0
1785291506.0591319,85.0,47.1,19.1,147.8,111.0
1785291506.124979,85.4,47.3,19.9,147.8,111.0
1785291506.1937332,85.7,47.4,22.7,147.8,111.0
1785291506.257227,86.0,47.5,25.0,147.8,111.0
1785291506.324337,86.2,47.6,26.7,147.8,111.0
1785291506.3917499,86.3,47.6,28.4,147.8,111.0
1785291506.460052,86.3,47.7,29.6,147.8,111.0
1785291506.523895,86.3,47.7,31.3,147.8,111.0
1785291506.593375,86.3,47.8,33.8,147.8,111.0
1785291506.657355,86.1,48.0,36.1,147.8,111.0
1785291506.7197561,85.8,48.2,38.4,147.8,111.0
1785291506.7848792,85.5,48.3,40.7,147.8,111.0
1785291506.853081,85.2,48.5,43.1,147.8,111.0
1785291506.91776,84.9,48.7,45.4,147.8,111.0
1785291506.990704,84.6,48.8,47.8,147.8,111.0
1785291507.061134,84.3,49.0,50.0,147.8,111.0
1785291507.121303,84.0,49.2,51.9,147.8,111.0
1785291507.18487,83.8,49.3,53.1,147.8,111.0
1785291507.2547462,83.7,49.4,54.4,147.8,111.0
1785291507.3290088,83.6,49.6,56.0,147.8,111.0
1785291507.3879209,83.6,49.9,58.3,147.8,111.0
1785291507.461098,84.1,50.7,60.6,147.8,111.0
1785291507.5520399,85.1,52.2,61.4,147.8,111.0
1785291507.6193862,86.3,53.7,61.4,147.8,111.0
1785291507.692808,87.3,55.3,62.2,147.8,111.0
1785291507.7567518,87.8,57.0,62.1,147.8,111.0
1785291507.826188,88.3,58.5,62.1,147.8,111.0
1785291507.89445,88.5,60.0,62.2,147.8,111.0
1785291507.95954,88.5,61.4,62.4,147.8,111.0
1785291508.02612,88.6,62.9,63.3,147.8,111.0
1785291508.095092,88.6,64.2,64.1,147.8,111.0
1785291508.159768,88.5,65.6,64.9,147.8,111.0
1785291508.227543,88.7,67.0,65.8,147.8,111.0
1785291508.2949,88.9,68.1,64.2,147.8,111.0
1785291508.359261,88.8,69.1,63.4,147.8,111.0
1785291508.4262788,88.4,69.9,63.3,147.8,111.0
1785291508.495202,88.0,70.4,62.9,147.8,111.0
1785291508.556948,87.4,70.9,62.9,147.8,111.0
1785291508.6302478,86.8,71.4,62.9,147.8,111.0
1785291508.6917472,86.2,71.9,63.3,147.8,111.0
1785291508.765267,85.6,72.4,63.8,147.8,111.0
1785291508.8605561,85.2,72.7,63.9,147.8,111.0
1785291508.92641,84.8,73.0,64.6,147.8,111.0
1785291508.9934459,84.6,73.1,64.0,147.8,111.0
1785291509.0602932,84.2,73.0,63.2,147.8,111.0
1785291509.1257899,83.5,73.1,64.1,147.8,111.0
1785291509.194869,82.6,72.8,63.9,147.8,111.0
1785291509.260257,81.6,72.5,63.2,147.8,111.0
1785291509.326645,80.8,71.9,62.6,147.8,111.0
1785291509.39296,80.6,71.5,62.8,147.8,111.0
1785291509.461368,81.1,71.1,62.8,147.8,111.0
1785291509.52562,82.1,70.6,63.5,147.8,111.0
1785291509.5946088,83.4,70.2,63.9,147.8,111.0
1785291509.658993,84.7,69.9,64.0,147.8,111.0
1785291509.730756,85.8,69.4,63.5,147.8,111.0
1785291509.79002,87.0,68.9,63.3,147.8,111.0
1785291509.869983,88.1,68.5,63.9,147.8,111.0
1785291509.960858,89.3,68.0,63.3,147.8,111.0
1785291510.02639,90.3,67.4,63.2,147.8,111.0
1785291510.093251,90.9,66.9,64.1,147.8,111.0
1785291510.161172,91.7,66.3,63.8,147.8,111.0
1785291510.227572,92.2,65.8,64.2,150.8,108.8
1785291510.296591,92.4,65.3,64.2,152.8,107.2
1785291510.356224,92.6,64.9,63.8,154.2,105.9
1785291510.428022,92.7,64.6,63.6,154.2,105.9
1785291510.49363,92.8,64.4,63.1,154.2,105.9
1785291510.559555,92.7,64.3,64.0,154.2,105.9
1785291510.630524,92.7,64.2,64.0,154.2,105.9
1785291510.692369,93.4,63.9,50.4,154.2,105.9
1785291510.760621,93.7,64.0,37.8,154.2,105.9
1785291510.826036,93.7,64.0,37.8,154.2,105.9
1785291510.89903,93.7,64.0,37.8,154.2,105.9
1785291510.995573,93.7,64.0,37.8,154.2,105.9
1785291511.06175,93.7,64.0,37.8,154.2,105.9
1785291511.1271958,93.7,64.0,37.8,154.2,105.9
1785291511.193588,93.7,64.0,37.8,154.2,105.9
1785291511.261961,93.7,64.0,37.8,154.2,105.9
1785291511.3241029,93.7,64.0,37.8,154.2,105.9
1785291511.397113,93.7,64.0,37.8,154.2,105.9
1785291511.4603462,93.7,64.0,37.8,154.2,105.9
1785291511.5269918,93.7,64.0,37.8,154.2,105.9
1785291511.595733,93.7,64.0,37.8,154.2,105.9
1785291511.661848,93.7,64.0,37.8,154.2,105.9
1785291511.7253802,93.7,64.0,37.8,154.2,105.9
1785291511.796872,93.7,64.0,37.8,154.2,105.9
1785291511.861492,93.7,64.0,37.8,154.2,105.9
1785291511.926847,93.7,64.0,37.8,154.2,105.9
1785291511.996938,93.7,64.0,37.8,154.2,105.9
1785291512.061413,93.7,64.0,37.8,154.2,105.9
1785291512.12675,93.7,64.0,37.8,154.2,105.9
1785291512.197688,93.7,64.0,37.8,154.2,105.9
1785291512.260504,93.7,64.0,37.8,154.2,105.9
1785291512.3313751,93.7,64.0,37.8,154.2,105.9
1785291512.391832,93.7,64.0,37.8,154.2,105.9
1785291512.465323,93.7,64.0,37.8,154.2,105.9
1785291512.5259898,93.7,64.0,37.8,154.2,105.9
1785291512.596884,93.7,64.0,37.8,154.2,105.9
1785291512.661064,93.7,64.0,37.8,154.2,105.9
1785291512.727881,93.7,64.0,37.8,154.2,105.9
1785291512.795052,93.7,64.0,37.8,154.2,105.9
1785291512.8626509,93.7,64.0,37.8,154.2,105.9
1785291512.924476,93.7,64.0,37.8,159.1,105.5
1785291512.995567,93.7,64.0,37.8,159.1,105.5
1785291513.0822148,93.7,64.0,37.8,159.1,105.5
1785291513.183699,93.7,64.0,37.8,159.1,105.5
1785291513.2649899,93.7,64.0,37.8,159.1,105.5
1785291513.328646,93.7,64.0,37.8,159.1,105.5
1785291513.398582,93.7,64.0,37.8,159.1,105.5
1785291513.4637902,93.7,64.0,37.8,159.1,105.5
1785291513.530887,93.7,64.0,37.8,159.1,105.5
1785291513.582765,93.7,64.0,37.8,159.1,105.5
1785291513.6582458,93.7,64.0,37.8,159.1,105.5
1785291513.718274,93.7,64.0,37.8,159.1,105.5
1785291513.7810931,93.7,64.0,37.8,159.1,105.5
1785291513.854281,93.7,64.0,37.8,159.1,105.5
1785291513.920695,93.7,64.0,37.8,159.1,105.5
1785291513.990655,93.7,64.0,37.8,159.1,105.5
1785291514.051954,93.7,64.0,37.8,159.1,105.5
1785291514.120864,93.7,64.0,37.8,159.1,105.5
1785291514.183437,93.7,64.0,37.8,159.1,105.5
1785291514.251015,93.7,64.0,37.8,159.1,105.5
1785291514.320561,93.7,64.0,37.8,159.1,105.5
1785291514.3841841,93.7,64.0,37.8,159.1,105.5
1785291514.455092,93.7,64.0,37.8,159.1,105.5
1785291514.5203211,93.7,64.0,37.8,159.1,105.5
1785291514.587135,93.7,64.0,37.8,159.1,105.5
1785291514.648469,93.7,64.0,37.8,159.1,105.5
1785291514.713672,93.7,64.0,37.8,159.1,105.5
1785291514.787422,93.7,64.0,37.8,159.1,105.5
1785291514.851101,93.7,64.0,37.8,159.1,105.5
1785291514.92143,93.7,64.0,37.8,159.1,105.5
1785291514.9872031,93.7,64.0,37.8,159.1,105.5
1785291515.048384,93.7,64.0,37.8,159.1,105.5
1785291515.115509,93.7,64.0,37.8,159.1,105.5
1785291515.18815,93.7,64.0,37.8,159.1,105.5
1785291515.2525089,93.7,64.0,37.8,159.1,105.5
1785291515.314163,93.7,64.0,37.8,159.1,105.5
1785291515.381342,93.7,64.0,37.8,159.1,105.5
1785291515.455217,93.7,64.0,37.8,159.1,105.5
1785291515.521515,93.7,64.0,37.8,159.1,105.5
1785291515.581776,93.7,64.0,37.8,159.1,105.5
1785291515.6555,93.7,64.0,37.8,159.1,105.5
1785291515.71541,93.7,64.0,37.8,159.1,105.5
1785291515.780587,93.7,64.0,37.8,159.1,105.5
1785291515.860673,93.7,64.0,37.8,159.1,105.5
1785291515.916099,93.7,64.0,37.8,159.1,105.5
1785291515.984603,93.7,64.0,37.8,159.1,105.5
1785291516.059156,93.7,64.0,37.8,159.1,105.5
1785291516.1203241,93.7,64.0,37.8,159.1,105.5
1785291516.183925,93.7,64.0,37.8,159.1,105.5
1785291516.256292,93.7,64.0,37.8,159.1,105.5
1785291516.321813,93.7,64.0,37.8,159.1,105.5
1785291516.3818922,93.7,64.0,37.8,159.1,105.5
1785291516.456179,93.7,64.0,37.8,159.1,105.5
1785291516.5214028,93.7,64.0,37.8,159.1,105.5
1785291516.5823302,93.7,64.0,37.8,159.1,105.5
1785291516.655909,93.7,64.0,37.8,159.1,105.5
1785291516.71715,93.7,64.0,37.8,159.1,105.5
1785291516.7817369,93.7,64.0,37.8,159.1,105.5
1785291516.855647,93.7,64.0,37.8,159.1,105.5
1785291516.9180748,93.7,64.0,37.8,159.1,105.5
1785291516.9884758,93.7,64.0,37.8,159.1,105.5
1785291517.0698812,93.7,64.0,37.8,159.1,105.5
1785291517.185876,101.1,53.4,30.5,159.1,105.5
1785291517.2627149,105.5,45.4,23.3,159.1,105.5
1785291517.333785,107.1,39.9,21.5,159.1,105.5
1785291517.412077,107.8,35.8,22.8,159.1,105.5
1785291517.524408,106.3,32.5,23.1,159.1,105.5
1785291517.618442,106.3,32.5,23.1,159.1,105.5
1785291517.702106,106.3,32.5,23.1,159.1,105.5
1785291517.785541,106.3,32.5,23.1,159.1,105.5
1785291517.850035,106.3,32.5,23.1,159.1,105.5
1785291517.917569,106.3,32.5,23.1,159.1,105.5
1785291517.988512,106.3,32.5,23.1,159.1,105.5
1785291518.050148,106.3,32.5,23.1,159.1,105.5
1785291518.116261,106.3,32.5,23.1,159.1,105.5
1785291518.188365,106.3,32.5,23.1,159.1,105.5
1785291518.2517178,106.3,32.5,23.1,159.1,105.5
1785291518.318663,106.3,32.5,23.1,159.1,105.5
1785291518.388213,106.3,32.5,23.1,159.1,105.5
1785291518.458807,106.3,32.5,23.1,159.1,105.5
1785291518.51949,106.3,32.5,23.1,159.1,105.5
1785291518.592546,106.3,32.5,23.1,159.1,105.5
1785291518.65261,106.3,32.5,23.1,159.1,105.5
1785291518.719319,106.3,32.5,23.1,159.1,105.5
1785291518.7860532,106.3,32.5,23.1,159.1,105.5
1785291518.869183,121.6,29.4,22.4,159.1,105.5
1785291518.987715,121.6,29.4,22.4,164.3,104.1
1785291519.074872,121.6,29.4,22.4,164.3,104.1
1785291519.187049,121.6,29.4,22.4,164.3,104.1
1785291519.269674,121.6,29.4,22.4,164.3,104.1
1785291519.384755,121.6,29.4,22.4,164.3,104.1
1785291519.474151,121.6,29.4,22.4,164.3,104.1
1785291519.566595,121.6,29.4,22.4,164.3,104.1
1785291519.6317,121.6,29.4,22.4,164.3,104.1
1785291519.700295,121.6,29.4,22.4,164.3,104.1
1785291519.765188,121.6,29.4,22.4,164.3,104.1
1785291519.832057,121.6,29.4,22.4,164.3,104.1
1785291519.900148,121.6,29.4,22.4,164.3,104.1
1785291519.9652019,121.6,29.4,22.4,164.3,104.1
1785291520.0289202,121.6,29.4,22.4,164.3,104.1
1785291520.104529,121.6,29.4,22.4,164.3,104.1
1785291520.19967,121.6,29.4,22.4,164.3,104.1
1785291520.285402,121.6,29.4,22.4,164.3,104.1
1785291520.368612,121.6,29.4,22.4,164.3,104.1
1785291520.417131,121.6,29.4,22.4,164.3,104.1
1785291520.494816,121.6,29.4,22.4,164.3,104.1
1785291520.5732229,121.6,29.4,22.4,164.3,104.1
1785291520.6699,121.6,29.4,22.4,164.3,104.1
1785291520.732376,121.6,29.4,22.4,164.3,104.1
1785291520.802405,121.6,29.4,22.4,164.3,104.1
1785291520.867757,121.6,29.4,22.4,164.3,104.1
1785291520.9178371,121.6,29.4,22.4,164.3,104.1
1785291520.990876,121.6,29.4,22.4,164.3,104.1
1785291521.058505,121.6,29.4,22.4,164.3,104.1
1785291521.14063,121.6,29.4,22.4,164.3,104.1
1785291521.227094,121.6,29.4,22.4,164.3,104.1
1785291521.2898922,121.6,29.4,22.4,164.3,104.1
1785291521.373549,121.6,29.4,22.4,164.3,104.1
1785291521.458072,121.6,29.4,22.4,164.3,104.1
1785291521.5244532,121.6,29.4,22.4,164.3,104.1
1785291521.5881379,121.6,29.4,22.4,164.3,104.1
1785291521.6624472,121.6,29.4,22.4,164.3,104.1
1785291521.72091,121.6,29.4,22.4,164.3,104.1
1785291521.79494,121.6,29.4,22.4,164.3,104.1
1785291521.863591,121.6,29.4,22.4,164.3,104.1
1785291521.923458,121.6,29.4,22.4,164.3,104.1
1785291521.9910588,121.6,29.4,22.4,164.3,104.1
1785291522.0586,121.6,29.4,22.4,164.3,104.1
1785291522.123921,121.6,29.4,22.4,164.3,104.1
1785291522.191272,121.6,29.4,22.4,164.3,104.1
1785291522.256045,121.6,29.4,22.4,164.3,104.1
1785291522.324233,121.6,29.4,22.4,164.3,104.1
